ac_year,st_code,state_name,dt_code,district_name,block_cd,udise_block_name,loc_name,sch_category_id,tr_cat_name,school_category,sch_mgmt_id,sch_mgmt_name,caste_id,caste_name,pre_primary_boy,pre_primary_girl,class1_boy,class2_boy,class3_boy,class4_boy,class5_boy,class6_boy,class7_boy,class8_boy,class9_boy,class10_boy,class11_boy,class12_boy,class1_girl,class2_girl,class3_girl,class4_girl,class5_girl,class6_girl,class7_girl,class8_girl,class9_girl,class10_girl,class11_girl,class12_girl
2019-20,33,Tamilnadu,3311,"THE NILGIRIS",331101,UDHAGAMANDALAM,Rural,2,cat2,"UPS (I-VIII)",3,"Local body",4,OBC,2,2,0,0,2,1,0,1,1,0,0,0,0,0,1,2,4,4,1,1,2,0,0,0,0,0
2019-20,33,Tamilnadu,3311,"THE NILGIRIS",331101,UDHAGAMANDALAM,Urban,2,cat2,"UPS (I-VIII)",3,"Local body",4,OBC,0,0,3,1,2,2,0,2,0,1,0,0,0,0,3,0,2,1,0,1,1,1,0,0,0,0
2019-20,33,Tamilnadu,3311,"THE NILGIRIS",331102,COONOOR,Urban,2,cat2,"UPS (I-VIII)",3,"Local body",4,OBC,0,1,1,0,2,1,6,5,7,3,0,0,0,0,0,3,0,5,1,0,0,0,0,0,0,0
2019-20,33,Tamilnadu,3311,"THE NILGIRIS",331101,UDHAGAMANDALAM,Rural,2,cat2,"UPS (I-VIII)",4,"Government Aided",4,OBC,0,0,0,0,2,1,0,3,2,0,0,0,0,0,0,2,0,0,0,0,1,0,0,0,0,0
2019-20,33,Tamilnadu,3311,"THE NILGIRIS",331102,COONOOR,Rural,2,cat2,"UPS (I-VIII)",4,"Government Aided",4,OBC,0,0,0,0,0,0,0,1,1,2,0,0,0,0,0,0,0,0,0,3,2,1,0,0,0,0
2019-20,33,Tamilnadu,3311,"THE NILGIRIS",331101,UDHAGAMANDALAM,Urban,2,cat2,"UPS (I-VIII)",4,"Government Aided",4,OBC,0,0,4,1,3,4,4,6,4,11,0,0,0,0,3,2,1,1,0,3,3,3,0,0,0,0
2019-20,33,Tamilnadu,3311,"THE NILGIRIS",331102,COONOOR,Urban,2,cat2,"UPS (I-VIII)",4,"Government Aided",4,OBC,0,0,2,2,1,3,1,4,3,2,0,0,0,0,1,0,0,0,0,2,3,2,0,0,0,0
2019-20,33,Tamilnadu,3311,"THE NILGIRIS",331103,KOTAGIRI,Urban,2,cat2,"UPS (I-VIII)",4,"Government Aided",4,OBC,0,0,10,8,9,11,15,17,20,16,0,0,0,0,9,7,6,18,13,21,16,17,0,0,0,0
2019-20,33,Tamilnadu,3311,"THE NILGIRIS",331102,COONOOR,Rural,2,cat2,"UPS (I-VIII)",5,"Private Unaided (Recognized)",4,OBC,8,2,2,5,0,1,3,0,0,0,0,0,0,0,2,3,5,2,0,0,0,0,0,0,0,0
2019-20,33,Tamilnadu,3311,"THE NILGIRIS",331103,KOTAGIRI,Rural,2,cat2,"UPS (I-VIII)",5,"Private Unaided (Recognized)",4,OBC,18,14,5,7,6,6,11,12,7,9,0,0,0,0,7,5,8,3,9,6,9,5,0,0,0,0
2019-20,33,Tamilnadu,3311,"THE NILGIRIS",331104,GUDALUR,Rural,2,cat2,"UPS (I-VIII)",5,"Private Unaided (Recognized)",4,OBC,31,31,20,11,17,13,6,6,7,0,0,0,0,0,12,15,12,7,14,9,6,0,0,0,0,0
2019-20,33,Tamilnadu,3311,"THE NILGIRIS",331101,UDHAGAMANDALAM,Urban,2,cat2,"UPS (I-VIII)",5,"Private Unaided (Recognized)",4,OBC,8,8,10,9,4,7,1,2,0,0,0,0,0,0,5,7,6,5,4,2,0,0,0,0,0,0
2019-20,33,Tamilnadu,3311,"THE NILGIRIS",331104,GUDALUR,Urban,2,cat2,"UPS (I-VIII)",5,"Private Unaided (Recognized)",4,OBC,35,25,21,25,28,18,21,11,9,0,0,0,0,0,16,18,25,16,25,19,12,0,0,0,0,0
2019-20,33,Tamilnadu,3311,"THE NILGIRIS",331104,GUDALUR,Rural,2,cat2,"UPS (I-VIII)",6,"Other Govt. managed schools",4,OBC,0,0,0,0,0,0,0,0,0,0,0,0,0,0,0,0,0,0,0,0,0,0,0,0,0,0
2019-20,33,Tamilnadu,3311,"THE NILGIRIS",331104,GUDALUR,Urban,2,cat2,"UPS (I-VIII)",6,"Other Govt. managed schools",4,OBC,0,0,0,0,0,0,0,0,0,0,0,0,0,0,0,0,0,0,0,0,0,0,0,0,0,0
2019-20,33,Tamilnadu,3311,"THE NILGIRIS",331103,KOTAGIRI,Urban,2,cat2,"UPS (I-VIII)",8,Unrecognized,4,OBC,16,16,0,1,1,1,0,0,1,0,0,0,0,0,3,1,3,0,1,0,0,0,0,0,0,0
2019-20,33,Tamilnadu,3311,"THE NILGIRIS",331101,UDHAGAMANDALAM,Rural,3,cat3,"HSS (I-XII)",1,"Department of Education",1,General,0,0,0,0,0,0,0,1,0,0,0,0,1,1,0,0,0,0,0,0,1,0,0,0,0,0
2019-20,33,Tamilnadu,3311,"THE NILGIRIS",331101,UDHAGAMANDALAM,Urban,3,cat3,"HSS (I-XII)",4,"Government Aided",1,General,12,8,1,0,0,3,9,13,13,7,20,6,8,5,2,1,0,1,8,10,2,5,3,1,1,1
2019-20,33,Tamilnadu,3311,"THE NILGIRIS",331102,COONOOR,Urban,3,cat3,"HSS (I-XII)",4,"Government Aided",1,General,0,0,17,9,12,18,16,13,25,22,14,18,34,34,8,8,13,8,20,14,13,15,20,16,22,36
2019-20,33,Tamilnadu,3311,"THE NILGIRIS",331101,UDHAGAMANDALAM,Rural,3,cat3,"HSS (I-XII)",5,"Private Unaided (Recognized)",1,General,6,5,5,1,2,11,8,11,18,21,29,34,33,31,4,0,6,0,4,6,5,6,11,16,15,3
2019-20,33,Tamilnadu,3311,"THE NILGIRIS",331102,COONOOR,Rural,3,cat3,"HSS (I-XII)",5,"Private Unaided (Recognized)",1,General,0,0,11,33,90,21,31,11,19,16,19,15,21,7,12,29,81,17,28,7,17,15,6,12,17,7
2019-20,33,Tamilnadu,3311,"THE NILGIRIS",331103,KOTAGIRI,Rural,3,cat3,"HSS (I-XII)",5,"Private Unaided (Recognized)",1,General,1,0,1,0,0,1,0,0,0,1,0,0,5,4,0,0,2,0,0,0,0,0,2,1,3,4
2019-20,33,Tamilnadu,3311,"THE NILGIRIS",331104,GUDALUR,Rural,3,cat3,"HSS (I-XII)",5,"Private Unaided (Recognized)",1,General,98,96,72,50,62,62,59,65,57,55,67,74,70,66,56,41,66,67,62,58,54,66,63,53,75,70
2019-20,33,Tamilnadu,3311,"THE NILGIRIS",331101,UDHAGAMANDALAM,Urban,3,cat3,"HSS (I-XII)",5,"Private Unaided (Recognized)",1,General,17,9,24,12,20,22,25,37,57,42,55,59,48,83,53,32,21,24,39,54,58,47,65,67,50,81
2019-20,33,Tamilnadu,3311,"THE NILGIRIS",331102,COONOOR,Urban,3,cat3,"HSS (I-XII)",5,"Private Unaided (Recognized)",1,General,66,65,67,39,53,83,96,117,133,137,115,118,68,37,44,37,43,43,53,62,69,66,57,56,40,27
2019-20,33,Tamilnadu,3311,"THE NILGIRIS",331103,KOTAGIRI,Urban,3,cat3,"HSS (I-XII)",5,"Private Unaided (Recognized)",1,General,2,12,7,8,18,20,36,34,56,72,77,88,56,31,8,9,7,17,25,16,36,42,30,44,36,31
2019-20,33,Tamilnadu,3311,"THE NILGIRIS",331104,GUDALUR,Urban,3,cat3,"HSS (I-XII)",5,"Private Unaided (Recognized)",1,General,125,100,56,62,50,74,43,46,59,31,44,49,49,61,44,43,27,44,35,53,50,33,28,39,34,19
2019-20,33,Tamilnadu,3311,"THE NILGIRIS",331101,UDHAGAMANDALAM,Rural,3,cat3,"HSS (I-XII)",92,"Kendriya Vidyalaya / Central School",1,General,0,0,23,21,32,10,9,8,6,5,1,1,5,5,19,24,21,2,7,7,3,2,0,2,4,2
2019-20,33,Tamilnadu,3311,"THE NILGIRIS",331102,COONOOR,Urban,3,cat3,"HSS (I-XII)",92,"Kendriya Vidyalaya / Central School",1,General,0,0,31,26,20,27,12,20,16,25,40,23,15,5,33,33,17,22,17,11,12,34,27,35,12,11
2019-20,33,Tamilnadu,3311,"THE NILGIRIS",331101,UDHAGAMANDALAM,Rural,5,cat5,"HSS (VI-XII)",1,"Department of Education",1,General,0,0,0,0,0,0,0,1,8,3,4,5,1,4,0,0,0,0,0,3,2,3,3,5,2,8
2019-20,33,Tamilnadu,3311,"THE NILGIRIS",331102,COONOOR,Rural,5,cat5,"HSS (VI-XII)",1,"Department of Education",1,General,0,0,0,0,0,0,0,0,0,0,0,1,2,3,0,0,0,0,0,0,0,0,0,0,1,0
2019-20,33,Tamilnadu,3311,"THE NILGIRIS",331103,KOTAGIRI,Rural,5,cat5,"HSS (VI-XII)",1,"Department of Education",1,General,0,0,0,0,0,0,0,0,1,0,0,1,1,3,0,0,0,0,0,0,0,0,1,1,0,0
2019-20,33,Tamilnadu,3311,"THE NILGIRIS",331104,GUDALUR,Rural,5,cat5,"HSS (VI-XII)",1,"Department of Education",1,General,0,0,0,0,0,0,0,10,17,5,19,32,36,32,0,0,0,0,0,8,8,5,17,11,38,40
2019-20,33,Tamilnadu,3311,"THE NILGIRIS",331101,UDHAGAMANDALAM,Urban,5,cat5,"HSS (VI-XII)",1,"Department of Education",1,General,0,0,0,0,0,0,0,2,2,1,1,1,5,8,0,0,0,0,0,0,3,3,1,2,5,7
2019-20,33,Tamilnadu,3311,"THE NILGIRIS",331102,COONOOR,Urban,5,cat5,"HSS (VI-XII)",1,"Department of Education",1,General,0,0,0,0,0,0,0,2,1,0,1,0,3,0,0,0,0,0,0,0,1,0,0,0,3,1
2019-20,33,Tamilnadu,3311,"THE NILGIRIS",331103,KOTAGIRI,Urban,5,cat5,"HSS (VI-XII)",1,"Department of Education",1,General,0,0,0,0,0,0,0,0,0,0,1,0,1,3,0,0,0,0,0,0,0,0,0,0,1,0
2019-20,33,Tamilnadu,3311,"THE NILGIRIS",331104,GUDALUR,Urban,5,cat5,"HSS (VI-XII)",1,"Department of Education",1,General,0,0,0,0,0,0,0,4,4,1,10,8,24,19,0,0,0,0,0,2,1,0,6,8,21,22
2019-20,33,Tamilnadu,3311,"THE NILGIRIS",331101,UDHAGAMANDALAM,Rural,5,cat5,"HSS (VI-XII)",2,"Tribal Welfare Department",1,General,0,0,0,0,0,0,0,0,0,0,0,0,0,0,0,0,0,0,0,0,0,0,0,0,0,0
2019-20,33,Tamilnadu,3311,"THE NILGIRIS",331103,KOTAGIRI,Rural,5,cat5,"HSS (VI-XII)",2,"Tribal Welfare Department",1,General,0,0,0,0,0,0,0,0,1,0,0,0,0,1,0,0,0,0,0,0,0,0,0,0,0,0
2019-20,33,Tamilnadu,3311,"THE NILGIRIS",331101,UDHAGAMANDALAM,Rural,5,cat5,"HSS (VI-XII)",4,"Government Aided",1,General,0,0,0,0,0,0,0,3,2,1,1,4,2,2,0,0,0,0,0,6,0,0,2,0,1,3
2019-20,33,Tamilnadu,3311,"THE NILGIRIS",331104,GUDALUR,Rural,5,cat5,"HSS (VI-XII)",4,"Government Aided",1,General,0,0,0,0,0,0,0,0,0,0,1,2,1,0,0,0,0,0,0,0,0,0,0,1,1,0
2019-20,33,Tamilnadu,3311,"THE NILGIRIS",331101,UDHAGAMANDALAM,Urban,5,cat5,"HSS (VI-XII)",4,"Government Aided",1,General,0,0,0,0,0,0,0,9,5,10,8,12,8,9,0,0,0,0,0,6,12,18,14,19,15,30
2019-20,33,Tamilnadu,3311,"THE NILGIRIS",331102,COONOOR,Urban,5,cat5,"HSS (VI-XII)",4,"Government Aided",1,General,0,0,0,0,0,0,0,7,13,11,5,10,14,11,0,0,0,0,0,6,5,7,7,10,15,18
2019-20,33,Tamilnadu,3311,"THE NILGIRIS",331103,KOTAGIRI,Urban,5,cat5,"HSS (VI-XII)",4,"Government Aided",1,General,0,0,0,0,0,0,0,0,2,2,1,1,2,3,0,0,0,0,0,8,8,4,12,4,6,13
2019-20,33,Tamilnadu,3311,"THE NILGIRIS",331104,GUDALUR,Urban,5,cat5,"HSS (VI-XII)",4,"Government Aided",1,General,0,0,0,0,0,0,0,6,6,4,5,10,20,20,0,0,0,0,0,24,21,21,28,33,48,63
2019-20,33,Tamilnadu,3311,"THE NILGIRIS",331104,GUDALUR,Rural,5,cat5,"HSS (VI-XII)",5,"Private Unaided (Recognized)",1,General,0,0,0,0,0,0,0,0,0,1,1,0,0,0,0,0,0,0,0,1,1,0,1,1,1,0
2019-20,33,Tamilnadu,3311,"THE NILGIRIS",331104,GUDALUR,Urban,5,cat5,"HSS (VI-XII)",5,"Private Unaided (Recognized)",1,General,0,0,0,0,0,0,0,0,2,2,2,0,6,4,0,0,0,0,0,2,0,1,1,1,5,5
2019-20,33,Tamilnadu,3311,"THE NILGIRIS",331102,COONOOR,Rural,5,cat5,"HSS (VI-XII)",101,"Other Central Govt. Schools",1,General,0,0,0,0,0,0,0,0,1,2,1,3,6,8,0,0,0,0,0,0,1,2,0,0,4,3
2019-20,33,Tamilnadu,3311,"THE NILGIRIS",331101,UDHAGAMANDALAM,Rural,1,cat1,"PS (I-V)",1,"Department of Education",1,General,2,0,8,14,9,11,5,0,0,0,0,0,0,0,6,8,2,8,5,0,0,0,0,0,0,0
2019-20,33,Tamilnadu,3311,"THE NILGIRIS",331102,COONOOR,Rural,1,cat1,"PS (I-V)",1,"Department of Education",1,General,0,0,4,4,6,3,2,0,0,0,0,0,0,0,3,4,1,2,2,0,0,0,0,0,0,0
2019-20,33,Tamilnadu,3311,"THE NILGIRIS",331103,KOTAGIRI,Rural,1,cat1,"PS (I-V)",1,"Department of Education",1,General,1,1,12,3,10,14,9,0,0,0,0,0,0,0,16,9,10,4,7,0,0,0,0,0,0,0
2019-20,33,Tamilnadu,3311,"THE NILGIRIS",331104,GUDALUR,Rural,1,cat1,"PS (I-V)",1,"Department of Education",1,General,4,10,14,7,20,11,14,0,0,0,0,0,0,0,9,6,8,8,14,0,0,0,0,0,0,0
2019-20,33,Tamilnadu,3311,"THE NILGIRIS",331101,UDHAGAMANDALAM,Urban,1,cat1,"PS (I-V)",1,"Department of Education",1,General,0,0,1,1,1,1,0,0,0,0,0,0,0,0,6,0,0,2,2,0,0,0,0,0,0,0
2019-20,33,Tamilnadu,3311,"THE NILGIRIS",331102,COONOOR,Urban,1,cat1,"PS (I-V)",1,"Department of Education",1,General,0,0,6,6,2,4,6,0,0,0,0,0,0,0,6,4,4,4,7,0,0,0,0,0,0,0
2019-20,33,Tamilnadu,3311,"THE NILGIRIS",331103,KOTAGIRI,Urban,1,cat1,"PS (I-V)",1,"Department of Education",1,General,0,0,0,0,0,0,0,0,0,0,0,0,0,0,0,0,0,0,0,0,0,0,0,0,0,0
2019-20,33,Tamilnadu,3311,"THE NILGIRIS",331104,GUDALUR,Urban,1,cat1,"PS (I-V)",1,"Department of Education",1,General,0,0,12,7,10,7,12,0,0,0,0,0,0,0,11,8,9,8,12,0,0,0,0,0,0,0
2019-20,33,Tamilnadu,3311,"THE NILGIRIS",331101,UDHAGAMANDALAM,Rural,1,cat1,"PS (I-V)",2,"Tribal Welfare Department",1,General,0,0,1,0,0,0,0,0,0,0,0,0,0,0,0,0,0,0,0,0,0,0,0,0,0,0
2019-20,33,Tamilnadu,3311,"THE NILGIRIS",331102,COONOOR,Rural,1,cat1,"PS (I-V)",2,"Tribal Welfare Department",1,General,0,0,0,0,0,0,0,0,0,0,0,0,0,0,0,0,0,0,0,0,0,0,0,0,0,0
2019-20,33,Tamilnadu,3311,"THE NILGIRIS",331103,KOTAGIRI,Rural,1,cat1,"PS (I-V)",2,"Tribal Welfare Department",1,General,0,0,0,0,0,0,0,0,0,0,0,0,0,0,0,0,0,0,0,0,0,0,0,0,0,0
2019-20,33,Tamilnadu,3311,"THE NILGIRIS",331104,GUDALUR,Rural,1,cat1,"PS (I-V)",2,"Tribal Welfare Department",1,General,0,0,0,0,0,0,0,0,0,0,0,0,0,0,0,0,0,0,0,0,0,0,0,0,0,0
2019-20,33,Tamilnadu,3311,"THE NILGIRIS",331101,UDHAGAMANDALAM,Urban,1,cat1,"PS (I-V)",2,"Tribal Welfare Department",1,General,0,0,0,0,0,0,0,0,0,0,0,0,0,0,1,0,0,0,0,0,0,0,0,0,0,0
2019-20,33,Tamilnadu,3311,"THE NILGIRIS",331103,KOTAGIRI,Urban,1,cat1,"PS (I-V)",2,"Tribal Welfare Department",1,General,0,0,0,0,0,0,0,0,0,0,0,0,0,0,0,0,0,0,0,0,0,0,0,0,0,0
2019-20,33,Tamilnadu,3311,"THE NILGIRIS",331104,GUDALUR,Urban,1,cat1,"PS (I-V)",2,"Tribal Welfare Department",1,General,0,0,0,0,0,0,0,0,0,0,0,0,0,0,0,0,0,0,0,0,0,0,0,0,0,0
2019-20,33,Tamilnadu,3311,"THE NILGIRIS",331101,UDHAGAMANDALAM,Rural,1,cat1,"PS (I-V)",3,"Local body",1,General,0,0,0,0,0,0,0,0,0,0,0,0,0,0,0,0,0,0,0,0,0,0,0,0,0,0
2019-20,33,Tamilnadu,3311,"THE NILGIRIS",331101,UDHAGAMANDALAM,Urban,1,cat1,"PS (I-V)",3,"Local body",1,General,0,0,0,1,1,1,1,0,0,0,0,0,0,0,1,0,3,1,1,0,0,0,0,0,0,0
2019-20,33,Tamilnadu,3311,"THE NILGIRIS",331102,COONOOR,Urban,1,cat1,"PS (I-V)",3,"Local body",1,General,0,0,1,1,0,0,0,0,0,0,0,0,0,0,0,1,1,0,0,0,0,0,0,0,0,0
2019-20,33,Tamilnadu,3311,"THE NILGIRIS",331101,UDHAGAMANDALAM,Rural,1,cat1,"PS (I-V)",4,"Government Aided",1,General,0,0,14,5,4,2,1,0,0,0,0,0,0,0,10,9,3,1,1,0,0,0,0,0,0,0
2019-20,33,Tamilnadu,3311,"THE NILGIRIS",331102,COONOOR,Rural,1,cat1,"PS (I-V)",4,"Government Aided",1,General,0,0,24,20,8,11,15,0,0,0,0,0,0,0,17,20,11,8,5,0,0,0,0,0,0,0
2019-20,33,Tamilnadu,3311,"THE NILGIRIS",331103,KOTAGIRI,Rural,1,cat1,"PS (I-V)",4,"Government Aided",1,General,0,0,6,8,1,2,3,0,0,0,0,0,0,0,2,5,3,1,1,0,0,0,0,0,0,0
2019-20,33,Tamilnadu,3311,"THE NILGIRIS",331104,GUDALUR,Rural,1,cat1,"PS (I-V)",4,"Government Aided",1,General,0,0,0,0,0,0,0,0,0,0,0,0,0,0,0,0,0,0,0,0,0,0,0,0,0,0
2019-20,33,Tamilnadu,3311,"THE NILGIRIS",331101,UDHAGAMANDALAM,Urban,1,cat1,"PS (I-V)",4,"Government Aided",1,General,0,0,3,1,0,2,4,0,0,0,0,0,0,0,2,0,3,2,2,0,0,0,0,0,0,0
2019-20,33,Tamilnadu,3311,"THE NILGIRIS",331102,COONOOR,Urban,1,cat1,"PS (I-V)",4,"Government Aided",1,General,0,0,30,20,13,14,11,0,0,0,0,0,0,0,25,10,13,17,9,0,0,0,0,0,0,0
2019-20,33,Tamilnadu,3311,"THE NILGIRIS",331103,KOTAGIRI,Urban,1,cat1,"PS (I-V)",4,"Government Aided",1,General,0,0,0,0,1,0,2,0,0,0,0,0,0,0,0,0,0,1,0,0,0,0,0,0,0,0
2019-20,33,Tamilnadu,3311,"THE NILGIRIS",331104,GUDALUR,Urban,1,cat1,"PS (I-V)",4,"Government Aided",1,General,0,0,2,6,3,5,5,0,0,0,0,0,0,0,4,3,2,3,4,0,0,0,0,0,0,0
2019-20,33,Tamilnadu,3311,"THE NILGIRIS",331101,UDHAGAMANDALAM,Rural,1,cat1,"PS (I-V)",5,"Private Unaided (Recognized)",1,General,8,4,1,4,2,5,4,0,0,0,0,0,0,0,8,6,1,1,1,0,0,0,0,0,0,0
2019-20,33,Tamilnadu,3311,"THE NILGIRIS",331103,KOTAGIRI,Rural,1,cat1,"PS (I-V)",5,"Private Unaided (Recognized)",1,General,1,0,0,0,0,1,0,0,0,0,0,0,0,0,0,0,0,1,0,0,0,0,0,0,0,0
2019-20,33,Tamilnadu,3311,"THE NILGIRIS",331104,GUDALUR,Rural,1,cat1,"PS (I-V)",5,"Private Unaided (Recognized)",1,General,14,7,4,4,7,4,2,0,0,0,0,0,0,0,11,6,12,5,6,0,0,0,0,0,0,0
2019-20,33,Tamilnadu,3311,"THE NILGIRIS",331101,UDHAGAMANDALAM,Urban,1,cat1,"PS (I-V)",5,"Private Unaided (Recognized)",1,General,21,23,8,5,7,4,13,0,0,0,0,0,0,0,13,6,3,9,7,0,0,0,0,0,0,0
2019-20,33,Tamilnadu,3311,"THE NILGIRIS",331102,COONOOR,Urban,1,cat1,"PS (I-V)",5,"Private Unaided (Recognized)",1,General,67,43,13,15,13,6,2,0,0,0,0,0,0,0,14,8,11,9,8,0,0,0,0,0,0,0
2019-20,33,Tamilnadu,3311,"THE NILGIRIS",331103,KOTAGIRI,Urban,1,cat1,"PS (I-V)",5,"Private Unaided (Recognized)",1,General,6,6,0,2,0,1,2,0,0,0,0,0,0,0,1,1,1,3,0,0,0,0,0,0,0,0
2019-20,33,Tamilnadu,3311,"THE NILGIRIS",331104,GUDALUR,Urban,1,cat1,"PS (I-V)",5,"Private Unaided (Recognized)",1,General,17,21,10,11,9,3,7,0,0,0,0,0,0,0,6,13,13,11,11,0,0,0,0,0,0,0
2019-20,33,Tamilnadu,3311,"THE NILGIRIS",331101,UDHAGAMANDALAM,Urban,1,cat1,"PS (I-V)",8,Unrecognized,1,General,0,0,0,0,0,0,0,0,0,0,0,0,0,0,0,0,0,0,0,0,0,0,0,0,0,0
2019-20,33,Tamilnadu,3311,"THE NILGIRIS",331104,GUDALUR,Urban,6,cat6,"SS (I-X)",2,"Tribal Welfare Department",1,General,0,0,0,0,0,0,0,0,0,0,0,0,0,0,0,0,0,0,0,0,0,0,0,0,0,0
2019-20,33,Tamilnadu,3311,"THE NILGIRIS",331101,UDHAGAMANDALAM,Rural,6,cat6,"SS (I-X)",5,"Private Unaided (Recognized)",1,General,7,13,5,4,4,3,3,8,1,3,5,6,0,0,6,3,7,6,10,3,6,1,0,4,0,0
2019-20,33,Tamilnadu,3311,"THE NILGIRIS",331102,COONOOR,Rural,6,cat6,"SS (I-X)",5,"Private Unaided (Recognized)",1,General,3,5,4,5,2,4,0,6,2,2,1,0,0,0,4,0,1,0,2,1,2,3,0,0,0,0
2019-20,33,Tamilnadu,3311,"THE NILGIRIS",331103,KOTAGIRI,Rural,6,cat6,"SS (I-X)",5,"Private Unaided (Recognized)",1,General,7,10,5,5,3,3,1,1,5,3,2,2,0,0,6,2,3,2,3,2,2,4,3,2,0,0
2019-20,33,Tamilnadu,3311,"THE NILGIRIS",331104,GUDALUR,Rural,6,cat6,"SS (I-X)",5,"Private Unaided (Recognized)",1,General,22,22,11,23,20,11,23,13,13,15,20,15,0,0,11,14,15,14,13,17,12,8,18,14,0,0
2019-20,33,Tamilnadu,3311,"THE NILGIRIS",331101,UDHAGAMANDALAM,Urban,6,cat6,"SS (I-X)",5,"Private Unaided (Recognized)",1,General,10,5,6,3,1,6,4,2,7,3,2,3,0,0,4,4,4,5,4,4,2,2,2,1,0,0
2019-20,33,Tamilnadu,3311,"THE NILGIRIS",331102,COONOOR,Urban,6,cat6,"SS (I-X)",5,"Private Unaided (Recognized)",1,General,13,12,6,5,7,7,11,4,8,7,7,8,0,0,4,8,2,6,3,8,6,2,2,11,0,0
2019-20,33,Tamilnadu,3311,"THE NILGIRIS",331103,KOTAGIRI,Urban,6,cat6,"SS (I-X)",5,"Private Unaided (Recognized)",1,General,11,14,4,9,7,9,9,5,8,4,5,8,0,0,7,5,10,8,7,9,3,6,5,7,0,0
2019-20,33,Tamilnadu,3311,"THE NILGIRIS",331104,GUDALUR,Urban,6,cat6,"SS (I-X)",5,"Private Unaided (Recognized)",1,General,49,68,23,28,32,30,31,28,28,28,21,20,0,0,35,31,31,31,32,28,25,20,9,20,0,0
2019-20,33,Tamilnadu,3311,"THE NILGIRIS",331101,UDHAGAMANDALAM,Urban,6,cat6,"SS (I-X)",90,"Social welfare Department",1,General,0,0,0,0,0,0,0,0,0,0,0,0,0,0,0,0,0,0,0,0,0,0,0,0,0,0
2019-20,33,Tamilnadu,3311,"THE NILGIRIS",331101,UDHAGAMANDALAM,Rural,7,cat7,"SS (VI-X)",1,"Department of Education",1,General,0,0,0,0,0,0,0,2,1,1,0,5,0,0,0,0,0,0,0,0,1,3,4,2,0,0
2019-20,33,Tamilnadu,3311,"THE NILGIRIS",331102,COONOOR,Rural,7,cat7,"SS (VI-X)",1,"Department of Education",1,General,0,0,0,0,0,0,0,1,3,1,2,0,0,0,0,0,0,0,0,2,2,0,1,1,0,0
2019-20,33,Tamilnadu,3311,"THE NILGIRIS",331103,KOTAGIRI,Rural,7,cat7,"SS (VI-X)",1,"Department of Education",1,General,0,0,0,0,0,0,0,4,0,3,0,1,0,0,0,0,0,0,0,2,0,2,2,2,0,0
2019-20,33,Tamilnadu,3311,"THE NILGIRIS",331104,GUDALUR,Rural,7,cat7,"SS (VI-X)",1,"Department of Education",1,General,0,0,0,0,0,0,0,2,7,6,8,10,0,0,0,0,0,0,0,9,10,9,12,19,0,0
2019-20,33,Tamilnadu,3311,"THE NILGIRIS",331101,UDHAGAMANDALAM,Urban,7,cat7,"SS (VI-X)",1,"Department of Education",1,General,0,0,0,0,0,0,0,0,0,0,1,0,0,0,0,0,0,0,0,0,0,1,1,0,0,0
2019-20,33,Tamilnadu,3311,"THE NILGIRIS",331102,COONOOR,Urban,7,cat7,"SS (VI-X)",1,"Department of Education",1,General,0,0,0,0,0,0,0,8,3,3,4,0,0,0,0,0,0,0,0,1,4,8,1,2,0,0
2019-20,33,Tamilnadu,3311,"THE NILGIRIS",331103,KOTAGIRI,Urban,7,cat7,"SS (VI-X)",1,"Department of Education",1,General,0,0,0,0,0,0,0,0,0,1,0,0,0,0,0,0,0,0,0,0,1,1,0,0,0,0
2019-20,33,Tamilnadu,3311,"THE NILGIRIS",331104,GUDALUR,Urban,7,cat7,"SS (VI-X)",1,"Department of Education",1,General,0,0,0,0,0,0,0,7,11,16,15,25,0,0,0,0,0,0,0,8,13,9,16,11,0,0
2019-20,33,Tamilnadu,3311,"THE NILGIRIS",331103,KOTAGIRI,Rural,7,cat7,"SS (VI-X)",2,"Tribal Welfare Department",1,General,0,0,0,0,0,0,0,0,0,0,0,0,0,0,0,0,0,0,0,0,0,0,0,0,0,0
2019-20,33,Tamilnadu,3311,"THE NILGIRIS",331104,GUDALUR,Rural,7,cat7,"SS (VI-X)",2,"Tribal Welfare Department",1,General,0,0,0,0,0,0,0,0,0,0,0,0,0,0,0,0,0,0,0,0,0,0,0,0,0,0
2019-20,33,Tamilnadu,3311,"THE NILGIRIS",331101,UDHAGAMANDALAM,Urban,7,cat7,"SS (VI-X)",2,"Tribal Welfare Department",1,General,0,0,0,0,0,0,0,0,0,0,0,0,0,0,0,0,0,0,0,0,0,0,0,0,0,0
2019-20,33,Tamilnadu,3311,"THE NILGIRIS",331104,GUDALUR,Urban,7,cat7,"SS (VI-X)",2,"Tribal Welfare Department",1,General,0,0,0,0,0,0,0,0,0,0,0,0,0,0,0,0,0,0,0,0,0,0,0,0,0,0
2019-20,33,Tamilnadu,3311,"THE NILGIRIS",331101,UDHAGAMANDALAM,Urban,7,cat7,"SS (VI-X)",3,"Local body",1,General,0,0,0,0,0,0,0,0,1,0,0,0,0,0,0,0,0,0,0,0,0,0,3,0,0,0
2019-20,33,Tamilnadu,3311,"THE NILGIRIS",331101,UDHAGAMANDALAM,Rural,7,cat7,"SS (VI-X)",4,"Government Aided",1,General,0,0,0,0,0,0,0,1,0,0,0,1,0,0,0,0,0,0,0,2,0,0,1,0,0,0
2019-20,33,Tamilnadu,3311,"THE NILGIRIS",331101,UDHAGAMANDALAM,Urban,7,cat7,"SS (VI-X)",4,"Government Aided",1,General,0,0,0,0,0,0,0,0,0,1,0,0,0,0,0,0,0,0,0,0,0,0,1,0,0,0
2019-20,33,Tamilnadu,3311,"THE NILGIRIS",331102,COONOOR,Urban,7,cat7,"SS (VI-X)",4,"Government Aided",1,General,0,0,0,0,0,0,0,2,8,3,2,3,0,0,0,0,0,0,0,7,8,1,0,3,0,0
2019-20,33,Tamilnadu,3311,"THE NILGIRIS",331103,KOTAGIRI,Urban,7,cat7,"SS (VI-X)",4,"Government Aided",1,General,0,0,0,0,0,0,0,0,0,1,2,0,0,0,0,0,0,0,0,0,0,0,0,0,0,0
2019-20,33,Tamilnadu,3311,"THE NILGIRIS",331104,GUDALUR,Urban,7,cat7,"SS (VI-X)",4,"Government Aided",1,General,0,0,0,0,0,0,0,0,0,1,0,3,0,0,0,0,0,0,0,3,1,1,3,2,0,0
2019-20,33,Tamilnadu,3311,"THE NILGIRIS",331104,GUDALUR,Rural,7,cat7,"SS (VI-X)",5,"Private Unaided (Recognized)",1,General,0,0,0,0,0,0,0,0,0,0,0,0,0,0,0,0,0,0,0,0,0,0,0,0,0,0
2019-20,33,Tamilnadu,3311,"THE NILGIRIS",331102,COONOOR,Urban,7,cat7,"SS (VI-X)",5,"Private Unaided (Recognized)",1,General,0,0,0,0,0,0,0,0,0,0,0,0,0,0,0,0,0,0,0,0,0,0,0,0,0,0
2019-20,33,Tamilnadu,3311,"THE NILGIRIS",331101,UDHAGAMANDALAM,Rural,2,cat2,"UPS (I-VIII)",1,"Department of Education",1,General,1,1,5,5,8,2,1,0,1,3,0,0,0,0,5,6,3,4,2,4,2,0,0,0,0,0
2019-20,33,Tamilnadu,3311,"THE NILGIRIS",331102,COONOOR,Rural,2,cat2,"UPS (I-VIII)",1,"Department of Education",1,General,0,0,2,0,0,0,1,2,4,1,0,0,0,0,1,0,0,1,0,1,2,4,0,0,0,0
2019-20,33,Tamilnadu,3311,"THE NILGIRIS",331103,KOTAGIRI,Rural,2,cat2,"UPS (I-VIII)",1,"Department of Education",1,General,0,0,1,0,2,0,1,3,1,2,0,0,0,0,1,0,1,1,1,2,3,4,0,0,0,0
2019-20,33,Tamilnadu,3311,"THE NILGIRIS",331104,GUDALUR,Rural,2,cat2,"UPS (I-VIII)",1,"Department of Education",1,General,14,8,1,1,1,1,2,4,10,4,0,0,0,0,1,2,3,4,3,5,6,7,0,0,0,0
2019-20,33,Tamilnadu,3311,"THE NILGIRIS",331101,UDHAGAMANDALAM,Urban,2,cat2,"UPS (I-VIII)",1,"Department of Education",1,General,0,0,4,0,0,1,0,0,0,0,0,0,0,0,1,1,2,2,0,0,0,0,0,0,0,0
2019-20,33,Tamilnadu,3311,"THE NILGIRIS",331102,COONOOR,Urban,2,cat2,"UPS (I-VIII)",1,"Department of Education",1,General,0,0,5,3,3,0,1,0,0,0,0,0,0,0,1,2,1,0,0,0,2,1,0,0,0,0
2019-20,33,Tamilnadu,3311,"THE NILGIRIS",331103,KOTAGIRI,Urban,2,cat2,"UPS (I-VIII)",1,"Department of Education",1,General,0,0,1,0,0,0,1,0,0,0,0,0,0,0,0,0,0,1,0,1,0,0,0,0,0,0
2019-20,33,Tamilnadu,3311,"THE NILGIRIS",331104,GUDALUR,Urban,2,cat2,"UPS (I-VIII)",1,"Department of Education",1,General,6,4,5,1,2,2,4,7,3,1,0,0,0,0,4,3,4,5,3,5,1,0,0,0,0,0
2019-20,33,Tamilnadu,3311,"THE NILGIRIS",331101,UDHAGAMANDALAM,Rural,2,cat2,"UPS (I-VIII)",2,"Tribal Welfare Department",1,General,0,0,0,0,0,0,0,0,0,0,0,0,0,0,0,0,0,0,0,0,0,0,0,0,0,0
2019-20,33,Tamilnadu,3311,"THE NILGIRIS",331103,KOTAGIRI,Rural,2,cat2,"UPS (I-VIII)",2,"Tribal Welfare Department",1,General,0,0,0,0,0,0,0,0,0,0,0,0,0,0,0,0,0,0,0,0,0,0,0,0,0,0
2019-20,33,Tamilnadu,3311,"THE NILGIRIS",331104,GUDALUR,Rural,2,cat2,"UPS (I-VIII)",2,"Tribal Welfare Department",1,General,0,0,0,0,0,0,0,1,0,0,0,0,0,0,0,0,1,0,0,0,0,0,0,0,0,0
2019-20,33,Tamilnadu,3311,"THE NILGIRIS",331104,GUDALUR,Urban,2,cat2,"UPS (I-VIII)",2,"Tribal Welfare Department",1,General,0,0,0,0,1,0,0,2,0,0,0,0,0,0,1,0,0,0,0,0,0,0,0,0,0,0
2019-20,33,Tamilnadu,3311,"THE NILGIRIS",331101,UDHAGAMANDALAM,Rural,2,cat2,"UPS (I-VIII)",3,"Local body",1,General,2,1,2,0,0,0,2,0,0,0,0,0,0,0,1,0,1,0,0,0,0,0,0,0,0,0
2019-20,33,Tamilnadu,3311,"THE NILGIRIS",331101,UDHAGAMANDALAM,Urban,2,cat2,"UPS (I-VIII)",3,"Local body",1,General,0,0,0,0,1,0,0,0,0,0,0,0,0,0,0,0,0,0,0,0,0,0,0,0,0,0
2019-20,33,Tamilnadu,3311,"THE NILGIRIS",331102,COONOOR,Urban,2,cat2,"UPS (I-VIII)",3,"Local body",1,General,2,5,5,4,0,0,2,2,0,0,0,0,0,0,2,3,1,0,0,1,0,0,0,0,0,0
2019-20,33,Tamilnadu,3311,"THE NILGIRIS",331101,UDHAGAMANDALAM,Rural,2,cat2,"UPS (I-VIII)",4,"Government Aided",1,General,0,0,1,0,0,1,0,0,0,1,0,0,0,0,0,0,0,0,0,0,0,0,0,0,0,0
2019-20,33,Tamilnadu,3311,"THE NILGIRIS",331102,COONOOR,Rural,2,cat2,"UPS (I-VIII)",4,"Government Aided",1,General,0,0,0,1,0,0,0,2,1,1,0,0,0,0,0,1,0,0,0,0,1,4,0,0,0,0
2019-20,33,Tamilnadu,3311,"THE NILGIRIS",331101,UDHAGAMANDALAM,Urban,2,cat2,"UPS (I-VIII)",4,"Government Aided",1,General,0,0,1,0,1,0,0,0,0,0,0,0,0,0,0,0,0,0,0,0,0,0,0,0,0,0
2019-20,33,Tamilnadu,3311,"THE NILGIRIS",331102,COONOOR,Urban,2,cat2,"UPS (I-VIII)",4,"Government Aided",1,General,0,0,0,1,1,1,0,1,0,0,0,0,0,0,2,1,0,0,0,0,0,0,0,0,0,0
2019-20,33,Tamilnadu,3311,"THE NILGIRIS",331103,KOTAGIRI,Urban,2,cat2,"UPS (I-VIII)",4,"Government Aided",1,General,0,0,0,1,5,2,2,1,2,0,0,0,0,0,2,4,2,1,4,0,2,4,0,0,0,0
2019-20,33,Tamilnadu,3311,"THE NILGIRIS",331102,COONOOR,Rural,2,cat2,"UPS (I-VIII)",5,"Private Unaided (Recognized)",1,General,4,0,0,1,2,0,1,0,0,0,0,0,0,0,0,0,1,1,0,0,0,0,0,0,0,0
2019-20,33,Tamilnadu,3311,"THE NILGIRIS",331103,KOTAGIRI,Rural,2,cat2,"UPS (I-VIII)",5,"Private Unaided (Recognized)",1,General,0,0,0,0,0,0,0,0,0,0,0,0,0,0,0,1,0,0,0,0,0,0,0,0,0,0
2019-20,33,Tamilnadu,3311,"THE NILGIRIS",331104,GUDALUR,Rural,2,cat2,"UPS (I-VIII)",5,"Private Unaided (Recognized)",1,General,0,1,0,0,0,0,0,0,0,0,0,0,0,0,0,1,0,0,0,0,0,0,0,0,0,0
2019-20,33,Tamilnadu,3311,"THE NILGIRIS",331101,UDHAGAMANDALAM,Urban,2,cat2,"UPS (I-VIII)",5,"Private Unaided (Recognized)",1,General,3,3,1,0,0,1,1,0,0,0,0,0,0,0,0,1,0,0,1,0,0,0,0,0,0,0
2019-20,33,Tamilnadu,3311,"THE NILGIRIS",331104,GUDALUR,Urban,2,cat2,"UPS (I-VIII)",5,"Private Unaided (Recognized)",1,General,0,0,0,0,0,0,0,0,0,0,0,0,0,0,0,0,0,0,0,0,0,0,0,0,0,0
2019-20,33,Tamilnadu,3311,"THE NILGIRIS",331104,GUDALUR,Rural,2,cat2,"UPS (I-VIII)",6,"Other Govt. managed schools",1,General,0,0,0,0,0,0,0,0,0,0,0,0,0,0,0,0,0,0,0,0,0,0,0,0,0,0
2019-20,33,Tamilnadu,3311,"THE NILGIRIS",331104,GUDALUR,Urban,2,cat2,"UPS (I-VIII)",6,"Other Govt. managed schools",1,General,0,0,0,0,0,0,0,0,0,0,0,0,0,0,0,0,0,0,0,0,0,0,0,0,0,0
2019-20,33,Tamilnadu,3311,"THE NILGIRIS",331103,KOTAGIRI,Urban,2,cat2,"UPS (I-VIII)",8,Unrecognized,1,General,0,0,0,0,1,0,1,0,0,0,0,0,0,0,0,0,0,0,0,0,0,0,0,0,0,0
2019-20,33,Tamilnadu,3311,"THE NILGIRIS",331101,UDHAGAMANDALAM,Rural,3,cat3,"HSS (I-XII)",1,"Department of Education",2,SC,7,13,7,5,6,9,7,6,15,13,19,14,21,16,3,2,7,4,8,9,7,4,21,5,7,16
2019-20,33,Tamilnadu,3311,"THE NILGIRIS",331101,UDHAGAMANDALAM,Urban,3,cat3,"HSS (I-XII)",4,"Government Aided",2,SC,0,0,1,1,1,2,0,7,4,6,5,2,7,5,0,0,3,1,1,2,2,1,1,3,4,5
2019-20,33,Tamilnadu,3311,"THE NILGIRIS",331102,COONOOR,Urban,3,cat3,"HSS (I-XII)",4,"Government Aided",2,SC,0,0,7,18,18,21,12,14,21,10,5,13,47,47,22,29,24,30,33,23,31,23,22,27,45,41
2019-20,33,Tamilnadu,3311,"THE NILGIRIS",331101,UDHAGAMANDALAM,Rural,3,cat3,"HSS (I-XII)",5,"Private Unaided (Recognized)",2,SC,15,16,5,7,13,7,5,3,8,5,8,5,11,11,14,8,7,5,3,6,2,5,2,0,13,3
2019-20,33,Tamilnadu,3311,"THE NILGIRIS",331102,COONOOR,Rural,3,cat3,"HSS (I-XII)",5,"Private Unaided (Recognized)",2,SC,1,2,0,3,1,2,2,0,2,5,1,9,8,3,1,2,1,3,0,1,1,5,6,3,3,0
2019-20,33,Tamilnadu,3311,"THE NILGIRIS",331103,KOTAGIRI,Rural,3,cat3,"HSS (I-XII)",5,"Private Unaided (Recognized)",2,SC,7,3,1,1,2,3,3,2,1,0,2,1,7,6,0,1,1,2,3,4,1,1,1,0,8,1
2019-20,33,Tamilnadu,3311,"THE NILGIRIS",331104,GUDALUR,Rural,3,cat3,"HSS (I-XII)",5,"Private Unaided (Recognized)",2,SC,54,53,36,35,38,34,37,25,44,35,30,26,39,31,34,30,29,42,23,35,22,19,24,26,35,40
2019-20,33,Tamilnadu,3311,"THE NILGIRIS",331101,UDHAGAMANDALAM,Urban,3,cat3,"HSS (I-XII)",5,"Private Unaided (Recognized)",2,SC,27,20,27,27,26,20,32,29,32,22,27,31,18,30,25,23,20,31,21,23,16,16,15,28,16,14
2019-20,33,Tamilnadu,3311,"THE NILGIRIS",331102,COONOOR,Urban,3,cat3,"HSS (I-XII)",5,"Private Unaided (Recognized)",2,SC,37,26,32,26,31,20,11,25,22,18,13,20,29,19,22,18,14,18,14,22,14,12,8,12,20,16
2019-20,33,Tamilnadu,3311,"THE NILGIRIS",331103,KOTAGIRI,Urban,3,cat3,"HSS (I-XII)",5,"Private Unaided (Recognized)",2,SC,20,9,16,5,14,9,13,7,9,10,10,10,14,10,7,14,8,4,11,7,7,6,8,2,3,5
2019-20,33,Tamilnadu,3311,"THE NILGIRIS",331104,GUDALUR,Urban,3,cat3,"HSS (I-XII)",5,"Private Unaided (Recognized)",2,SC,124,86,48,70,85,62,67,71,73,75,62,59,62,52,50,42,57,54,42,44,47,31,35,29,18,30
2019-20,33,Tamilnadu,3311,"THE NILGIRIS",331101,UDHAGAMANDALAM,Rural,3,cat3,"HSS (I-XII)",92,"Kendriya Vidyalaya / Central School",2,SC,0,0,19,25,9,13,3,7,9,20,18,5,4,0,19,6,11,14,5,15,15,17,21,8,5,2
2019-20,33,Tamilnadu,3311,"THE NILGIRIS",331102,COONOOR,Urban,3,cat3,"HSS (I-XII)",92,"Kendriya Vidyalaya / Central School",2,SC,0,0,20,21,18,14,27,16,13,15,24,7,6,0,17,20,24,19,16,13,15,25,14,11,7,3
2019-20,33,Tamilnadu,3311,"THE NILGIRIS",331101,UDHAGAMANDALAM,Rural,5,cat5,"HSS (VI-XII)",1,"Department of Education",2,SC,0,0,0,0,0,0,0,65,67,64,78,70,94,76,0,0,0,0,0,53,62,64,59,79,71,52
2019-20,33,Tamilnadu,3311,"THE NILGIRIS",331102,COONOOR,Rural,5,cat5,"HSS (VI-XII)",1,"Department of Education",2,SC,0,0,0,0,0,0,0,8,5,11,15,22,41,40,0,0,0,0,0,6,3,8,8,9,15,25
2019-20,33,Tamilnadu,3311,"THE NILGIRIS",331103,KOTAGIRI,Rural,5,cat5,"HSS (VI-XII)",1,"Department of Education",2,SC,0,0,0,0,0,0,0,14,8,9,16,22,47,27,0,0,0,0,0,11,9,14,11,14,33,22
2019-20,33,Tamilnadu,3311,"THE NILGIRIS",331104,GUDALUR,Rural,5,cat5,"HSS (VI-XII)",1,"Department of Education",2,SC,0,0,0,0,0,0,0,39,44,60,90,81,98,116,0,0,0,0,0,38,37,30,48,63,95,121
2019-20,33,Tamilnadu,3311,"THE NILGIRIS",331101,UDHAGAMANDALAM,Urban,5,cat5,"HSS (VI-XII)",1,"Department of Education",2,SC,0,0,0,0,0,0,0,31,33,38,51,45,72,76,0,0,0,0,0,9,12,11,15,18,53,46
2019-20,33,Tamilnadu,3311,"THE NILGIRIS",331102,COONOOR,Urban,5,cat5,"HSS (VI-XII)",1,"Department of Education",2,SC,0,0,0,0,0,0,0,6,7,13,9,19,18,17,0,0,0,0,0,6,7,6,10,11,19,7
2019-20,33,Tamilnadu,3311,"THE NILGIRIS",331103,KOTAGIRI,Urban,5,cat5,"HSS (VI-XII)",1,"Department of Education",2,SC,0,0,0,0,0,0,0,2,1,3,9,22,41,62,0,0,0,0,0,0,0,0,1,0,3,10
2019-20,33,Tamilnadu,3311,"THE NILGIRIS",331104,GUDALUR,Urban,5,cat5,"HSS (VI-XII)",1,"Department of Education",2,SC,0,0,0,0,0,0,0,46,56,68,126,160,269,213,0,0,0,0,0,19,24,25,56,60,239,208
2019-20,33,Tamilnadu,3311,"THE NILGIRIS",331101,UDHAGAMANDALAM,Rural,5,cat5,"HSS (VI-XII)",2,"Tribal Welfare Department",2,SC,0,0,0,0,0,0,0,0,0,0,2,0,0,0,0,0,0,0,0,1,0,0,0,0,0,0
2019-20,33,Tamilnadu,3311,"THE NILGIRIS",331103,KOTAGIRI,Rural,5,cat5,"HSS (VI-XII)",2,"Tribal Welfare Department",2,SC,0,0,0,0,0,0,0,3,0,2,1,0,2,3,0,0,0,0,0,0,0,0,4,2,0,2
2019-20,33,Tamilnadu,3311,"THE NILGIRIS",331101,UDHAGAMANDALAM,Rural,5,cat5,"HSS (VI-XII)",4,"Government Aided",2,SC,0,0,0,0,0,0,0,14,13,16,35,25,28,30,0,0,0,0,0,7,13,20,23,36,50,55
2019-20,33,Tamilnadu,3311,"THE NILGIRIS",331104,GUDALUR,Rural,5,cat5,"HSS (VI-XII)",4,"Government Aided",2,SC,0,0,0,0,0,0,0,1,5,4,2,4,6,1,0,0,0,0,0,5,0,1,2,0,6,1
2019-20,33,Tamilnadu,3311,"THE NILGIRIS",331101,UDHAGAMANDALAM,Urban,5,cat5,"HSS (VI-XII)",4,"Government Aided",2,SC,0,0,0,0,0,0,0,67,83,85,103,110,101,105,0,0,0,0,0,127,143,149,201,185,212,199
2019-20,33,Tamilnadu,3311,"THE NILGIRIS",331102,COONOOR,Urban,5,cat5,"HSS (VI-XII)",4,"Government Aided",2,SC,0,0,0,0,0,0,0,76,73,95,121,113,105,96,0,0,0,0,0,94,127,137,152,164,250,238
2019-20,33,Tamilnadu,3311,"THE NILGIRIS",331103,KOTAGIRI,Urban,5,cat5,"HSS (VI-XII)",4,"Government Aided",2,SC,0,0,0,0,0,0,0,8,11,13,10,13,24,16,0,0,0,0,0,26,31,28,80,71,121,102
2019-20,33,Tamilnadu,3311,"THE NILGIRIS",331104,GUDALUR,Urban,5,cat5,"HSS (VI-XII)",4,"Government Aided",2,SC,0,0,0,0,0,0,0,11,11,8,16,22,22,30,0,0,0,0,0,71,79,77,110,86,120,126
2019-20,33,Tamilnadu,3311,"THE NILGIRIS",331104,GUDALUR,Rural,5,cat5,"HSS (VI-XII)",5,"Private Unaided (Recognized)",2,SC,0,0,0,0,0,0,0,6,6,18,11,2,4,11,0,0,0,0,0,5,8,5,5,11,13,16
2019-20,33,Tamilnadu,3311,"THE NILGIRIS",331104,GUDALUR,Urban,5,cat5,"HSS (VI-XII)",5,"Private Unaided (Recognized)",2,SC,0,0,0,0,0,0,0,2,2,1,4,2,6,6,0,0,0,0,0,0,1,0,2,4,7,3
2019-20,33,Tamilnadu,3311,"THE NILGIRIS",331102,COONOOR,Rural,5,cat5,"HSS (VI-XII)",101,"Other Central Govt. Schools",2,SC,0,0,0,0,0,0,0,10,17,13,17,14,8,9,0,0,0,0,0,3,4,10,6,4,11,10
2019-20,33,Tamilnadu,3311,"THE NILGIRIS",331101,UDHAGAMANDALAM,Rural,1,cat1,"PS (I-V)",1,"Department of Education",2,SC,5,2,73,76,84,91,76,0,0,0,0,0,0,0,62,78,79,96,96,0,0,0,0,0,0,0
2019-20,33,Tamilnadu,3311,"THE NILGIRIS",331102,COONOOR,Rural,1,cat1,"PS (I-V)",1,"Department of Education",2,SC,0,0,7,22,12,13,19,0,0,0,0,0,0,0,15,9,18,16,20,0,0,0,0,0,0,0
2019-20,33,Tamilnadu,3311,"THE NILGIRIS",331103,KOTAGIRI,Rural,1,cat1,"PS (I-V)",1,"Department of Education",2,SC,18,15,23,37,35,43,59,0,0,0,0,0,0,0,32,35,39,42,42,0,0,0,0,0,0,0
2019-20,33,Tamilnadu,3311,"THE NILGIRIS",331104,GUDALUR,Rural,1,cat1,"PS (I-V)",1,"Department of Education",2,SC,8,6,38,66,75,70,83,0,0,0,0,0,0,0,33,48,43,73,56,0,0,0,0,0,0,0
2019-20,33,Tamilnadu,3311,"THE NILGIRIS",331101,UDHAGAMANDALAM,Urban,1,cat1,"PS (I-V)",1,"Department of Education",2,SC,0,0,29,28,38,33,27,0,0,0,0,0,0,0,20,28,28,34,33,0,0,0,0,0,0,0
2019-20,33,Tamilnadu,3311,"THE NILGIRIS",331102,COONOOR,Urban,1,cat1,"PS (I-V)",1,"Department of Education",2,SC,0,0,17,12,12,18,13,0,0,0,0,0,0,0,13,18,13,23,12,0,0,0,0,0,0,0
2019-20,33,Tamilnadu,3311,"THE NILGIRIS",331103,KOTAGIRI,Urban,1,cat1,"PS (I-V)",1,"Department of Education",2,SC,8,5,6,5,8,5,8,0,0,0,0,0,0,0,6,4,5,12,6,0,0,0,0,0,0,0
2019-20,33,Tamilnadu,3311,"THE NILGIRIS",331104,GUDALUR,Urban,1,cat1,"PS (I-V)",1,"Department of Education",2,SC,6,5,52,57,57,79,49,0,0,0,0,0,0,0,38,50,45,82,72,0,0,0,0,0,0,0
2019-20,33,Tamilnadu,3311,"THE NILGIRIS",331101,UDHAGAMANDALAM,Rural,1,cat1,"PS (I-V)",2,"Tribal Welfare Department",2,SC,0,0,1,2,2,2,2,0,0,0,0,0,0,0,4,1,2,1,2,0,0,0,0,0,0,0
2019-20,33,Tamilnadu,3311,"THE NILGIRIS",331102,COONOOR,Rural,1,cat1,"PS (I-V)",2,"Tribal Welfare Department",2,SC,0,0,0,0,0,0,0,0,0,0,0,0,0,0,0,0,0,0,0,0,0,0,0,0,0,0
2019-20,33,Tamilnadu,3311,"THE NILGIRIS",331103,KOTAGIRI,Rural,1,cat1,"PS (I-V)",2,"Tribal Welfare Department",2,SC,0,0,0,0,1,1,0,0,0,0,0,0,0,0,1,1,1,0,1,0,0,0,0,0,0,0
2019-20,33,Tamilnadu,3311,"THE NILGIRIS",331104,GUDALUR,Rural,1,cat1,"PS (I-V)",2,"Tribal Welfare Department",2,SC,0,0,3,5,4,8,13,0,0,0,0,0,0,0,3,2,3,9,10,0,0,0,0,0,0,0
2019-20,33,Tamilnadu,3311,"THE NILGIRIS",331101,UDHAGAMANDALAM,Urban,1,cat1,"PS (I-V)",2,"Tribal Welfare Department",2,SC,0,0,4,3,8,4,9,0,0,0,0,0,0,0,2,5,3,7,5,0,0,0,0,0,0,0
2019-20,33,Tamilnadu,3311,"THE NILGIRIS",331103,KOTAGIRI,Urban,1,cat1,"PS (I-V)",2,"Tribal Welfare Department",2,SC,0,0,0,0,0,0,0,0,0,0,0,0,0,0,0,0,0,0,0,0,0,0,0,0,0,0
2019-20,33,Tamilnadu,3311,"THE NILGIRIS",331104,GUDALUR,Urban,1,cat1,"PS (I-V)",2,"Tribal Welfare Department",2,SC,0,0,0,1,1,0,0,0,0,0,0,0,0,0,0,0,0,0,0,0,0,0,0,0,0,0
2019-20,33,Tamilnadu,3311,"THE NILGIRIS",331101,UDHAGAMANDALAM,Rural,1,cat1,"PS (I-V)",3,"Local body",2,SC,0,0,0,0,0,0,0,0,0,0,0,0,0,0,0,0,0,0,0,0,0,0,0,0,0,0
2019-20,33,Tamilnadu,3311,"THE NILGIRIS",331101,UDHAGAMANDALAM,Urban,1,cat1,"PS (I-V)",3,"Local body",2,SC,0,0,5,5,7,2,5,0,0,0,0,0,0,0,2,1,5,4,6,0,0,0,0,0,0,0
2019-20,33,Tamilnadu,3311,"THE NILGIRIS",331102,COONOOR,Urban,1,cat1,"PS (I-V)",3,"Local body",2,SC,0,0,1,1,0,0,1,0,0,0,0,0,0,0,0,0,0,0,1,0,0,0,0,0,0,0
2019-20,33,Tamilnadu,3311,"THE NILGIRIS",331101,UDHAGAMANDALAM,Rural,1,cat1,"PS (I-V)",4,"Government Aided",2,SC,0,0,9,11,8,15,15,0,0,0,0,0,0,0,5,6,10,14,12,0,0,0,0,0,0,0
2019-20,33,Tamilnadu,3311,"THE NILGIRIS",331102,COONOOR,Rural,1,cat1,"PS (I-V)",4,"Government Aided",2,SC,0,0,6,6,2,4,11,0,0,0,0,0,0,0,4,1,6,8,3,0,0,0,0,0,0,0
2019-20,33,Tamilnadu,3311,"THE NILGIRIS",331103,KOTAGIRI,Rural,1,cat1,"PS (I-V)",4,"Government Aided",2,SC,0,0,4,2,4,3,7,0,0,0,0,0,0,0,4,3,5,2,3,0,0,0,0,0,0,0
2019-20,33,Tamilnadu,3311,"THE NILGIRIS",331104,GUDALUR,Rural,1,cat1,"PS (I-V)",4,"Government Aided",2,SC,0,0,0,0,2,3,3,0,0,0,0,0,0,0,2,2,1,3,1,0,0,0,0,0,0,0
2019-20,33,Tamilnadu,3311,"THE NILGIRIS",331101,UDHAGAMANDALAM,Urban,1,cat1,"PS (I-V)",4,"Government Aided",2,SC,0,0,36,44,50,37,54,0,0,0,0,0,0,0,43,64,61,77,69,0,0,0,0,0,0,0
2019-20,33,Tamilnadu,3311,"THE NILGIRIS",331102,COONOOR,Urban,1,cat1,"PS (I-V)",4,"Government Aided",2,SC,0,0,44,50,48,48,39,0,0,0,0,0,0,0,44,24,33,43,52,0,0,0,0,0,0,0
2019-20,33,Tamilnadu,3311,"THE NILGIRIS",331103,KOTAGIRI,Urban,1,cat1,"PS (I-V)",4,"Government Aided",2,SC,0,0,3,4,3,8,13,0,0,0,0,0,0,0,2,1,0,0,1,0,0,0,0,0,0,0
2019-20,33,Tamilnadu,3311,"THE NILGIRIS",331104,GUDALUR,Urban,1,cat1,"PS (I-V)",4,"Government Aided",2,SC,0,0,22,34,37,51,49,0,0,0,0,0,0,0,33,39,42,40,63,0,0,0,0,0,0,0
2019-20,33,Tamilnadu,3311,"THE NILGIRIS",331101,UDHAGAMANDALAM,Rural,1,cat1,"PS (I-V)",5,"Private Unaided (Recognized)",2,SC,30,28,17,15,24,13,13,0,0,0,0,0,0,0,12,23,16,24,15,0,0,0,0,0,0,0
2019-20,33,Tamilnadu,3311,"THE NILGIRIS",331103,KOTAGIRI,Rural,1,cat1,"PS (I-V)",5,"Private Unaided (Recognized)",2,SC,2,4,0,2,0,1,0,0,0,0,0,0,0,0,0,3,0,0,0,0,0,0,0,0,0,0
2019-20,33,Tamilnadu,3311,"THE NILGIRIS",331104,GUDALUR,Rural,1,cat1,"PS (I-V)",5,"Private Unaided (Recognized)",2,SC,68,57,39,38,28,26,38,0,0,0,0,0,0,0,28,31,47,36,43,0,0,0,0,0,0,0
2019-20,33,Tamilnadu,3311,"THE NILGIRIS",331101,UDHAGAMANDALAM,Urban,1,cat1,"PS (I-V)",5,"Private Unaided (Recognized)",2,SC,130,130,64,59,51,72,56,0,0,0,0,0,0,0,66,76,68,71,62,0,0,0,0,0,0,0
2019-20,33,Tamilnadu,3311,"THE NILGIRIS",331102,COONOOR,Urban,1,cat1,"PS (I-V)",5,"Private Unaided (Recognized)",2,SC,160,135,56,49,61,48,44,0,0,0,0,0,0,0,71,46,57,56,57,0,0,0,0,0,0,0
2019-20,33,Tamilnadu,3311,"THE NILGIRIS",331103,KOTAGIRI,Urban,1,cat1,"PS (I-V)",5,"Private Unaided (Recognized)",2,SC,29,14,13,11,10,10,7,0,0,0,0,0,0,0,13,11,14,10,10,0,0,0,0,0,0,0
2019-20,33,Tamilnadu,3311,"THE NILGIRIS",331104,GUDALUR,Urban,1,cat1,"PS (I-V)",5,"Private Unaided (Recognized)",2,SC,37,92,26,32,40,29,24,0,0,0,0,0,0,0,37,65,54,63,60,0,0,0,0,0,0,0
2019-20,33,Tamilnadu,3311,"THE NILGIRIS",331101,UDHAGAMANDALAM,Urban,1,cat1,"PS (I-V)",8,Unrecognized,2,SC,16,14,7,6,6,2,0,0,0,0,0,0,0,0,11,6,3,0,0,0,0,0,0,0,0,0
2019-20,33,Tamilnadu,3311,"THE NILGIRIS",331104,GUDALUR,Urban,6,cat6,"SS (I-X)",2,"Tribal Welfare Department",2,SC,0,0,0,0,0,1,0,0,0,0,0,0,0,0,2,0,1,0,1,1,0,0,0,0,0,0
2019-20,33,Tamilnadu,3311,"THE NILGIRIS",331101,UDHAGAMANDALAM,Rural,6,cat6,"SS (I-X)",5,"Private Unaided (Recognized)",2,SC,65,75,28,22,37,26,28,20,13,15,12,15,0,0,31,25,37,28,19,20,14,8,12,6,0,0
2019-20,33,Tamilnadu,3311,"THE NILGIRIS",331102,COONOOR,Rural,6,cat6,"SS (I-X)",5,"Private Unaided (Recognized)",2,SC,41,36,13,26,22,16,13,9,4,11,11,7,0,0,15,19,19,14,13,8,13,14,9,6,0,0
2019-20,33,Tamilnadu,3311,"THE NILGIRIS",331103,KOTAGIRI,Rural,6,cat6,"SS (I-X)",5,"Private Unaided (Recognized)",2,SC,50,28,34,21,18,18,21,14,12,4,6,8,0,0,26,17,19,17,17,9,7,9,7,10,0,0
2019-20,33,Tamilnadu,3311,"THE NILGIRIS",331104,GUDALUR,Rural,6,cat6,"SS (I-X)",5,"Private Unaided (Recognized)",2,SC,37,32,12,8,16,19,18,14,11,12,13,10,0,0,10,16,13,3,9,6,11,9,3,6,0,0
2019-20,33,Tamilnadu,3311,"THE NILGIRIS",331101,UDHAGAMANDALAM,Urban,6,cat6,"SS (I-X)",5,"Private Unaided (Recognized)",2,SC,60,76,48,36,33,36,33,32,35,19,18,24,0,0,39,40,41,25,30,21,19,18,24,12,0,0
2019-20,33,Tamilnadu,3311,"THE NILGIRIS",331102,COONOOR,Urban,6,cat6,"SS (I-X)",5,"Private Unaided (Recognized)",2,SC,105,79,83,69,70,69,62,68,61,56,41,67,0,0,57,58,49,37,65,58,43,34,39,34,0,0
2019-20,33,Tamilnadu,3311,"THE NILGIRIS",331103,KOTAGIRI,Urban,6,cat6,"SS (I-X)",5,"Private Unaided (Recognized)",2,SC,39,37,29,7,13,19,15,19,29,16,16,11,0,0,25,24,16,17,19,18,22,10,9,5,0,0
2019-20,33,Tamilnadu,3311,"THE NILGIRIS",331104,GUDALUR,Urban,6,cat6,"SS (I-X)",5,"Private Unaided (Recognized)",2,SC,120,113,68,61,54,64,48,53,47,41,44,46,0,0,62,58,52,53,42,43,34,45,41,41,0,0
2019-20,33,Tamilnadu,3311,"THE NILGIRIS",331101,UDHAGAMANDALAM,Urban,6,cat6,"SS (I-X)",90,"Social welfare Department",2,SC,0,0,0,0,0,0,0,0,1,0,1,0,0,0,0,1,1,0,0,1,0,0,0,1,0,0
2019-20,33,Tamilnadu,3311,"THE NILGIRIS",331101,UDHAGAMANDALAM,Rural,7,cat7,"SS (VI-X)",1,"Department of Education",2,SC,0,0,0,0,0,0,0,25,21,22,26,16,0,0,0,0,0,0,0,24,19,26,29,31,0,0
2019-20,33,Tamilnadu,3311,"THE NILGIRIS",331102,COONOOR,Rural,7,cat7,"SS (VI-X)",1,"Department of Education",2,SC,0,0,0,0,0,0,0,5,5,7,11,15,0,0,0,0,0,0,0,6,11,9,9,18,0,0
2019-20,33,Tamilnadu,3311,"THE NILGIRIS",331103,KOTAGIRI,Rural,7,cat7,"SS (VI-X)",1,"Department of Education",2,SC,0,0,0,0,0,0,0,42,50,39,54,47,0,0,0,0,0,0,0,25,41,36,42,32,0,0
2019-20,33,Tamilnadu,3311,"THE NILGIRIS",331104,GUDALUR,Rural,7,cat7,"SS (VI-X)",1,"Department of Education",2,SC,0,0,0,0,0,0,0,25,19,30,32,27,0,0,0,0,0,0,0,32,31,39,46,38,0,0
2019-20,33,Tamilnadu,3311,"THE NILGIRIS",331101,UDHAGAMANDALAM,Urban,7,cat7,"SS (VI-X)",1,"Department of Education",2,SC,0,0,0,0,0,0,0,34,24,30,30,46,0,0,0,0,0,0,0,45,34,50,50,54,0,0
2019-20,33,Tamilnadu,3311,"THE NILGIRIS",331102,COONOOR,Urban,7,cat7,"SS (VI-X)",1,"Department of Education",2,SC,0,0,0,0,0,0,0,12,9,10,10,10,0,0,0,0,0,0,0,9,5,6,10,4,0,0
2019-20,33,Tamilnadu,3311,"THE NILGIRIS",331103,KOTAGIRI,Urban,7,cat7,"SS (VI-X)",1,"Department of Education",2,SC,0,0,0,0,0,0,0,2,1,5,3,3,0,0,0,0,0,0,0,4,2,2,3,3,0,0
2019-20,33,Tamilnadu,3311,"THE NILGIRIS",331104,GUDALUR,Urban,7,cat7,"SS (VI-X)",1,"Department of Education",2,SC,0,0,0,0,0,0,0,60,66,68,84,80,0,0,0,0,0,0,0,53,58,44,46,62,0,0
2019-20,33,Tamilnadu,3311,"THE NILGIRIS",331103,KOTAGIRI,Rural,7,cat7,"SS (VI-X)",2,"Tribal Welfare Department",2,SC,0,0,0,0,0,0,0,0,0,0,0,0,0,0,0,0,0,0,0,0,0,0,0,0,0,0
2019-20,33,Tamilnadu,3311,"THE NILGIRIS",331104,GUDALUR,Rural,7,cat7,"SS (VI-X)",2,"Tribal Welfare Department",2,SC,0,0,0,0,0,0,0,0,0,0,2,0,0,0,0,0,0,0,0,0,0,0,0,0,0,0
2019-20,33,Tamilnadu,3311,"THE NILGIRIS",331101,UDHAGAMANDALAM,Urban,7,cat7,"SS (VI-X)",2,"Tribal Welfare Department",2,SC,0,0,0,0,0,0,0,5,4,3,5,6,0,0,0,0,0,0,0,2,2,3,3,1,0,0
2019-20,33,Tamilnadu,3311,"THE NILGIRIS",331104,GUDALUR,Urban,7,cat7,"SS (VI-X)",2,"Tribal Welfare Department",2,SC,0,0,0,0,0,0,0,11,18,18,18,0,0,0,0,0,0,0,0,7,9,10,16,0,0,0
2019-20,33,Tamilnadu,3311,"THE NILGIRIS",331101,UDHAGAMANDALAM,Urban,7,cat7,"SS (VI-X)",3,"Local body",2,SC,0,0,0,0,0,0,0,0,2,0,1,2,0,0,0,0,0,0,0,0,4,2,1,6,0,0
2019-20,33,Tamilnadu,3311,"THE NILGIRIS",331101,UDHAGAMANDALAM,Rural,7,cat7,"SS (VI-X)",4,"Government Aided",2,SC,0,0,0,0,0,0,0,20,22,22,10,13,0,0,0,0,0,0,0,9,11,8,7,1,0,0
2019-20,33,Tamilnadu,3311,"THE NILGIRIS",331101,UDHAGAMANDALAM,Urban,7,cat7,"SS (VI-X)",4,"Government Aided",2,SC,0,0,0,0,0,0,0,10,14,16,16,9,0,0,0,0,0,0,0,14,13,10,9,4,0,0
2019-20,33,Tamilnadu,3311,"THE NILGIRIS",331102,COONOOR,Urban,7,cat7,"SS (VI-X)",4,"Government Aided",2,SC,0,0,0,0,0,0,0,36,22,27,39,33,0,0,0,0,0,0,0,30,30,32,27,25,0,0
2019-20,33,Tamilnadu,3311,"THE NILGIRIS",331103,KOTAGIRI,Urban,7,cat7,"SS (VI-X)",4,"Government Aided",2,SC,0,0,0,0,0,0,0,6,6,8,29,26,0,0,0,0,0,0,0,1,1,3,3,5,0,0
2019-20,33,Tamilnadu,3311,"THE NILGIRIS",331104,GUDALUR,Urban,7,cat7,"SS (VI-X)",4,"Government Aided",2,SC,0,0,0,0,0,0,0,37,32,39,43,34,0,0,0,0,0,0,0,80,105,103,103,127,0,0
2019-20,33,Tamilnadu,3311,"THE NILGIRIS",331104,GUDALUR,Rural,7,cat7,"SS (VI-X)",5,"Private Unaided (Recognized)",2,SC,0,0,0,0,0,0,0,0,0,0,0,2,0,0,0,0,0,0,0,0,0,0,0,0,0,0
2019-20,33,Tamilnadu,3311,"THE NILGIRIS",331102,COONOOR,Urban,7,cat7,"SS (VI-X)",5,"Private Unaided (Recognized)",2,SC,0,0,0,0,0,0,0,0,3,5,7,10,0,0,0,0,0,0,0,1,0,0,1,5,0,0
2019-20,33,Tamilnadu,3311,"THE NILGIRIS",331101,UDHAGAMANDALAM,Rural,2,cat2,"UPS (I-VIII)",1,"Department of Education",2,SC,3,4,26,31,31,22,25,22,29,33,0,0,0,0,24,35,22,29,24,22,22,24,0,0,0,0
2019-20,33,Tamilnadu,3311,"THE NILGIRIS",331102,COONOOR,Rural,2,cat2,"UPS (I-VIII)",1,"Department of Education",2,SC,0,0,12,7,12,12,12,24,19,15,0,0,0,0,14,12,15,17,19,7,15,26,0,0,0,0
2019-20,33,Tamilnadu,3311,"THE NILGIRIS",331103,KOTAGIRI,Rural,2,cat2,"UPS (I-VIII)",1,"Department of Education",2,SC,1,4,8,4,6,6,4,9,11,14,0,0,0,0,2,11,7,9,12,12,15,8,0,0,0,0
2019-20,33,Tamilnadu,3311,"THE NILGIRIS",331104,GUDALUR,Rural,2,cat2,"UPS (I-VIII)",1,"Department of Education",2,SC,13,13,16,26,30,31,34,37,32,35,0,0,0,0,12,23,24,21,30,25,39,35,0,0,0,0
2019-20,33,Tamilnadu,3311,"THE NILGIRIS",331101,UDHAGAMANDALAM,Urban,2,cat2,"UPS (I-VIII)",1,"Department of Education",2,SC,1,0,5,6,12,12,8,12,10,13,0,0,0,0,7,17,10,7,8,16,14,11,0,0,0,0
2019-20,33,Tamilnadu,3311,"THE NILGIRIS",331102,COONOOR,Urban,2,cat2,"UPS (I-VIII)",1,"Department of Education",2,SC,0,0,13,9,17,14,22,17,30,20,0,0,0,0,8,22,19,28,20,18,16,15,0,0,0,0
2019-20,33,Tamilnadu,3311,"THE NILGIRIS",331103,KOTAGIRI,Urban,2,cat2,"UPS (I-VIII)",1,"Department of Education",2,SC,1,1,2,4,2,4,4,5,2,3,0,0,0,0,3,5,3,7,2,2,4,5,0,0,0,0
2019-20,33,Tamilnadu,3311,"THE NILGIRIS",331104,GUDALUR,Urban,2,cat2,"UPS (I-VIII)",1,"Department of Education",2,SC,19,22,24,32,35,32,47,54,66,52,0,0,0,0,30,34,34,38,37,38,48,37,0,0,0,0
2019-20,33,Tamilnadu,3311,"THE NILGIRIS",331101,UDHAGAMANDALAM,Rural,2,cat2,"UPS (I-VIII)",2,"Tribal Welfare Department",2,SC,1,7,1,5,0,4,3,2,2,4,0,0,0,0,2,6,4,7,4,2,3,9,0,0,0,0
2019-20,33,Tamilnadu,3311,"THE NILGIRIS",331103,KOTAGIRI,Rural,2,cat2,"UPS (I-VIII)",2,"Tribal Welfare Department",2,SC,0,0,0,2,0,6,4,2,3,6,0,0,0,0,2,0,0,3,1,1,4,2,0,0,0,0
2019-20,33,Tamilnadu,3311,"THE NILGIRIS",331104,GUDALUR,Rural,2,cat2,"UPS (I-VIII)",2,"Tribal Welfare Department",2,SC,5,4,1,0,4,2,2,2,4,3,0,0,0,0,2,1,1,3,2,3,0,4,0,0,0,0
2019-20,33,Tamilnadu,3311,"THE NILGIRIS",331104,GUDALUR,Urban,2,cat2,"UPS (I-VIII)",2,"Tribal Welfare Department",2,SC,0,1,2,0,0,0,0,6,1,2,0,0,0,0,3,1,1,0,4,2,3,0,0,0,0,0
2019-20,33,Tamilnadu,3311,"THE NILGIRIS",331101,UDHAGAMANDALAM,Rural,2,cat2,"UPS (I-VIII)",3,"Local body",2,SC,10,17,5,2,8,5,4,3,4,3,0,0,0,0,6,1,3,3,6,3,3,1,0,0,0,0
2019-20,33,Tamilnadu,3311,"THE NILGIRIS",331101,UDHAGAMANDALAM,Urban,2,cat2,"UPS (I-VIII)",3,"Local body",2,SC,0,0,7,7,6,0,4,5,4,4,0,0,0,0,2,1,1,0,1,1,4,0,0,0,0,0
2019-20,33,Tamilnadu,3311,"THE NILGIRIS",331102,COONOOR,Urban,2,cat2,"UPS (I-VIII)",3,"Local body",2,SC,2,4,3,5,3,9,8,14,7,7,0,0,0,0,1,2,2,1,3,4,2,2,0,0,0,0
2019-20,33,Tamilnadu,3311,"THE NILGIRIS",331101,UDHAGAMANDALAM,Rural,2,cat2,"UPS (I-VIII)",4,"Government Aided",2,SC,0,0,1,1,1,3,3,6,3,3,0,0,0,0,3,1,1,1,4,1,0,1,0,0,0,0
2019-20,33,Tamilnadu,3311,"THE NILGIRIS",331102,COONOOR,Rural,2,cat2,"UPS (I-VIII)",4,"Government Aided",2,SC,0,0,0,5,2,3,3,3,0,5,0,0,0,0,1,1,0,4,4,6,1,4,0,0,0,0
2019-20,33,Tamilnadu,3311,"THE NILGIRIS",331101,UDHAGAMANDALAM,Urban,2,cat2,"UPS (I-VIII)",4,"Government Aided",2,SC,0,0,2,3,10,9,3,8,6,8,0,0,0,0,2,2,2,1,4,7,8,9,0,0,0,0
2019-20,33,Tamilnadu,3311,"THE NILGIRIS",331102,COONOOR,Urban,2,cat2,"UPS (I-VIII)",4,"Government Aided",2,SC,0,0,1,0,1,1,3,8,8,6,0,0,0,0,2,2,0,2,1,5,2,6,0,0,0,0
2019-20,33,Tamilnadu,3311,"THE NILGIRIS",331103,KOTAGIRI,Urban,2,cat2,"UPS (I-VIII)",4,"Government Aided",2,SC,0,0,14,17,21,22,29,27,29,25,0,0,0,0,13,19,27,14,25,21,18,25,0,0,0,0
2019-20,33,Tamilnadu,3311,"THE NILGIRIS",331102,COONOOR,Rural,2,cat2,"UPS (I-VIII)",5,"Private Unaided (Recognized)",2,SC,11,2,8,5,6,2,1,0,0,0,0,0,0,0,4,3,4,0,1,0,0,0,0,0,0,0
2019-20,33,Tamilnadu,3311,"THE NILGIRIS",331103,KOTAGIRI,Rural,2,cat2,"UPS (I-VIII)",5,"Private Unaided (Recognized)",2,SC,0,0,0,0,0,0,0,0,0,0,0,0,0,0,0,0,0,0,0,0,0,0,0,0,0,0
2019-20,33,Tamilnadu,3311,"THE NILGIRIS",331104,GUDALUR,Rural,2,cat2,"UPS (I-VIII)",5,"Private Unaided (Recognized)",2,SC,35,24,23,21,13,12,3,5,4,0,0,0,0,0,15,20,15,7,8,1,5,0,0,0,0,0
2019-20,33,Tamilnadu,3311,"THE NILGIRIS",331101,UDHAGAMANDALAM,Urban,2,cat2,"UPS (I-VIII)",5,"Private Unaided (Recognized)",2,SC,15,9,9,4,11,10,4,0,0,0,0,0,0,0,10,9,7,4,8,1,0,0,0,0,0,0
2019-20,33,Tamilnadu,3311,"THE NILGIRIS",331104,GUDALUR,Urban,2,cat2,"UPS (I-VIII)",5,"Private Unaided (Recognized)",2,SC,0,0,0,0,0,0,0,0,0,0,0,0,0,0,0,0,0,0,0,0,0,0,0,0,0,0
2019-20,33,Tamilnadu,3311,"THE NILGIRIS",331104,GUDALUR,Rural,2,cat2,"UPS (I-VIII)",6,"Other Govt. managed schools",2,SC,0,0,0,0,0,0,0,0,0,0,0,0,0,0,0,0,0,0,0,0,0,0,0,0,0,0
2019-20,33,Tamilnadu,3311,"THE NILGIRIS",331104,GUDALUR,Urban,2,cat2,"UPS (I-VIII)",6,"Other Govt. managed schools",2,SC,0,0,0,0,0,0,1,0,0,0,0,0,0,0,0,1,0,0,0,0,1,1,0,0,0,0
2019-20,33,Tamilnadu,3311,"THE NILGIRIS",331103,KOTAGIRI,Urban,2,cat2,"UPS (I-VIII)",8,Unrecognized,2,SC,0,0,0,0,0,0,0,0,0,0,0,0,0,0,0,0,0,0,0,0,0,0,0,0,0,0
2019-20,33,Tamilnadu,3311,"THE NILGIRIS",331101,UDHAGAMANDALAM,Rural,3,cat3,"HSS (I-XII)",1,"Department of Education",3,ST,0,0,0,1,0,3,0,0,0,2,0,1,2,0,0,0,1,0,0,0,0,2,0,0,0,0
2019-20,33,Tamilnadu,3311,"THE NILGIRIS",331101,UDHAGAMANDALAM,Urban,3,cat3,"HSS (I-XII)",4,"Government Aided",3,ST,0,0,0,0,0,0,0,0,0,0,0,0,0,1,0,0,1,0,0,0,0,0,0,0,1,0
2019-20,33,Tamilnadu,3311,"THE NILGIRIS",331102,COONOOR,Urban,3,cat3,"HSS (I-XII)",4,"Government Aided",3,ST,0,0,0,0,0,1,0,3,2,1,2,1,0,3,1,0,1,1,0,0,0,1,1,0,0,3
2019-20,33,Tamilnadu,3311,"THE NILGIRIS",331101,UDHAGAMANDALAM,Rural,3,cat3,"HSS (I-XII)",5,"Private Unaided (Recognized)",3,ST,2,0,1,2,2,2,1,2,1,0,1,1,2,2,2,1,0,2,0,1,4,1,2,1,1,2
2019-20,33,Tamilnadu,3311,"THE NILGIRIS",331102,COONOOR,Rural,3,cat3,"HSS (I-XII)",5,"Private Unaided (Recognized)",3,ST,0,0,0,0,0,0,0,0,0,0,0,0,0,0,0,0,0,0,0,0,0,0,0,0,0,0
2019-20,33,Tamilnadu,3311,"THE NILGIRIS",331103,KOTAGIRI,Rural,3,cat3,"HSS (I-XII)",5,"Private Unaided (Recognized)",3,ST,0,0,0,0,1,0,0,0,0,0,0,0,0,0,0,0,0,0,0,0,0,0,0,0,0,0
2019-20,33,Tamilnadu,3311,"THE NILGIRIS",331104,GUDALUR,Rural,3,cat3,"HSS (I-XII)",5,"Private Unaided (Recognized)",3,ST,17,2,8,2,9,5,4,7,5,1,6,2,7,1,4,4,8,0,5,5,4,1,6,4,6,1
2019-20,33,Tamilnadu,3311,"THE NILGIRIS",331101,UDHAGAMANDALAM,Urban,3,cat3,"HSS (I-XII)",5,"Private Unaided (Recognized)",3,ST,3,0,1,0,1,4,3,3,1,1,1,3,3,2,2,2,3,5,2,3,1,0,3,3,1,0
2019-20,33,Tamilnadu,3311,"THE NILGIRIS",331102,COONOOR,Urban,3,cat3,"HSS (I-XII)",5,"Private Unaided (Recognized)",3,ST,1,1,2,3,4,1,2,2,2,3,4,0,0,1,1,1,0,2,2,1,0,3,3,3,0,0
2019-20,33,Tamilnadu,3311,"THE NILGIRIS",331103,KOTAGIRI,Urban,3,cat3,"HSS (I-XII)",5,"Private Unaided (Recognized)",3,ST,1,3,2,0,1,0,0,1,1,1,3,3,0,0,1,0,0,1,0,1,2,2,2,1,1,2
2019-20,33,Tamilnadu,3311,"THE NILGIRIS",331104,GUDALUR,Urban,3,cat3,"HSS (I-XII)",5,"Private Unaided (Recognized)",3,ST,2,4,0,0,1,0,1,2,2,5,5,8,1,0,1,1,0,0,1,5,2,1,1,1,3,2
2019-20,33,Tamilnadu,3311,"THE NILGIRIS",331101,UDHAGAMANDALAM,Rural,3,cat3,"HSS (I-XII)",92,"Kendriya Vidyalaya / Central School",3,ST,0,0,1,1,1,2,3,1,3,1,2,0,0,1,0,1,1,1,2,1,1,2,0,1,0,0
2019-20,33,Tamilnadu,3311,"THE NILGIRIS",331102,COONOOR,Urban,3,cat3,"HSS (I-XII)",92,"Kendriya Vidyalaya / Central School",3,ST,0,0,4,4,0,0,2,0,1,1,1,2,0,0,0,3,5,4,2,0,2,5,1,1,0,1
2019-20,33,Tamilnadu,3311,"THE NILGIRIS",331101,UDHAGAMANDALAM,Rural,5,cat5,"HSS (VI-XII)",1,"Department of Education",3,ST,0,0,0,0,0,0,0,1,2,1,1,2,1,3,0,0,0,0,0,0,1,3,2,0,3,2
2019-20,33,Tamilnadu,3311,"THE NILGIRIS",331102,COONOOR,Rural,5,cat5,"HSS (VI-XII)",1,"Department of Education",3,ST,0,0,0,0,0,0,0,0,0,0,0,0,2,3,0,0,0,0,0,0,0,0,1,0,1,0
2019-20,33,Tamilnadu,3311,"THE NILGIRIS",331103,KOTAGIRI,Rural,5,cat5,"HSS (VI-XII)",1,"Department of Education",3,ST,0,0,0,0,0,0,0,3,1,1,3,1,2,3,0,0,0,0,0,2,3,1,2,4,2,2
2019-20,33,Tamilnadu,3311,"THE NILGIRIS",331104,GUDALUR,Rural,5,cat5,"HSS (VI-XII)",1,"Department of Education",3,ST,0,0,0,0,0,0,0,34,23,21,43,37,32,19,0,0,0,0,0,17,8,7,56,29,30,24
2019-20,33,Tamilnadu,3311,"THE NILGIRIS",331101,UDHAGAMANDALAM,Urban,5,cat5,"HSS (VI-XII)",1,"Department of Education",3,ST,0,0,0,0,0,0,0,1,0,0,5,1,6,3,0,0,0,0,0,1,0,1,0,0,1,4
2019-20,33,Tamilnadu,3311,"THE NILGIRIS",331102,COONOOR,Urban,5,cat5,"HSS (VI-XII)",1,"Department of Education",3,ST,0,0,0,0,0,0,0,0,0,0,0,0,1,0,0,0,0,0,0,0,0,0,0,0,0,0
2019-20,33,Tamilnadu,3311,"THE NILGIRIS",331103,KOTAGIRI,Urban,5,cat5,"HSS (VI-XII)",1,"Department of Education",3,ST,0,0,0,0,0,0,0,1,3,1,5,3,5,7,0,0,0,0,0,0,0,1,3,0,4,7
2019-20,33,Tamilnadu,3311,"THE NILGIRIS",331104,GUDALUR,Urban,5,cat5,"HSS (VI-XII)",1,"Department of Education",3,ST,0,0,0,0,0,0,0,4,11,8,6,6,8,17,0,0,0,0,0,4,10,4,6,16,23,26
2019-20,33,Tamilnadu,3311,"THE NILGIRIS",331101,UDHAGAMANDALAM,Rural,5,cat5,"HSS (VI-XII)",2,"Tribal Welfare Department",3,ST,0,0,0,0,0,0,0,22,27,16,28,12,12,0,0,0,0,0,0,18,15,16,30,11,19,0
2019-20,33,Tamilnadu,3311,"THE NILGIRIS",331103,KOTAGIRI,Rural,5,cat5,"HSS (VI-XII)",2,"Tribal Welfare Department",3,ST,0,0,0,0,0,0,0,12,21,12,11,15,5,5,0,0,0,0,0,15,17,16,15,14,15,12
2019-20,33,Tamilnadu,3311,"THE NILGIRIS",331101,UDHAGAMANDALAM,Rural,5,cat5,"HSS (VI-XII)",4,"Government Aided",3,ST,0,0,0,0,0,0,0,0,1,0,3,1,1,0,0,0,0,0,0,3,2,2,1,1,4,4
2019-20,33,Tamilnadu,3311,"THE NILGIRIS",331104,GUDALUR,Rural,5,cat5,"HSS (VI-XII)",4,"Government Aided",3,ST,0,0,0,0,0,0,0,2,3,0,6,4,5,1,0,0,0,0,0,0,0,0,4,1,5,0
2019-20,33,Tamilnadu,3311,"THE NILGIRIS",331101,UDHAGAMANDALAM,Urban,5,cat5,"HSS (VI-XII)",4,"Government Aided",3,ST,0,0,0,0,0,0,0,4,2,1,7,3,9,7,0,0,0,0,0,3,1,12,13,13,23,16
2019-20,33,Tamilnadu,3311,"THE NILGIRIS",331102,COONOOR,Urban,5,cat5,"HSS (VI-XII)",4,"Government Aided",3,ST,0,0,0,0,0,0,0,1,1,2,0,0,1,2,0,0,0,0,0,2,1,1,5,3,4,5
2019-20,33,Tamilnadu,3311,"THE NILGIRIS",331103,KOTAGIRI,Urban,5,cat5,"HSS (VI-XII)",4,"Government Aided",3,ST,0,0,0,0,0,0,0,0,1,2,1,4,0,1,0,0,0,0,0,1,2,1,5,4,4,3
2019-20,33,Tamilnadu,3311,"THE NILGIRIS",331104,GUDALUR,Urban,5,cat5,"HSS (VI-XII)",4,"Government Aided",3,ST,0,0,0,0,0,0,0,0,1,3,0,1,0,1,0,0,0,0,0,7,9,10,7,11,4,5
2019-20,33,Tamilnadu,3311,"THE NILGIRIS",331104,GUDALUR,Rural,5,cat5,"HSS (VI-XII)",5,"Private Unaided (Recognized)",3,ST,0,0,0,0,0,0,0,7,4,10,6,5,1,5,0,0,0,0,0,6,8,5,6,9,6,5
2019-20,33,Tamilnadu,3311,"THE NILGIRIS",331104,GUDALUR,Urban,5,cat5,"HSS (VI-XII)",5,"Private Unaided (Recognized)",3,ST,0,0,0,0,0,0,0,0,0,0,0,0,1,0,0,0,0,0,0,0,0,0,0,0,0,0
2019-20,33,Tamilnadu,3311,"THE NILGIRIS",331102,COONOOR,Rural,5,cat5,"HSS (VI-XII)",101,"Other Central Govt. Schools",3,ST,0,0,0,0,0,0,0,0,0,0,0,2,0,6,0,0,0,0,0,0,0,0,0,0,0,0
2019-20,33,Tamilnadu,3311,"THE NILGIRIS",331101,UDHAGAMANDALAM,Rural,1,cat1,"PS (I-V)",1,"Department of Education",3,ST,0,0,4,7,9,10,8,0,0,0,0,0,0,0,8,8,10,9,12,0,0,0,0,0,0,0
2019-20,33,Tamilnadu,3311,"THE NILGIRIS",331102,COONOOR,Rural,1,cat1,"PS (I-V)",1,"Department of Education",3,ST,0,0,4,2,4,4,3,0,0,0,0,0,0,0,2,5,3,5,2,0,0,0,0,0,0,0
2019-20,33,Tamilnadu,3311,"THE NILGIRIS",331103,KOTAGIRI,Rural,1,cat1,"PS (I-V)",1,"Department of Education",3,ST,4,2,13,4,12,15,7,0,0,0,0,0,0,0,5,9,8,13,11,0,0,0,0,0,0,0
2019-20,33,Tamilnadu,3311,"THE NILGIRIS",331104,GUDALUR,Rural,1,cat1,"PS (I-V)",1,"Department of Education",3,ST,10,8,60,61,61,43,63,0,0,0,0,0,0,0,44,73,67,60,53,0,0,0,0,0,0,0
2019-20,33,Tamilnadu,3311,"THE NILGIRIS",331101,UDHAGAMANDALAM,Urban,1,cat1,"PS (I-V)",1,"Department of Education",3,ST,0,0,1,4,2,0,3,0,0,0,0,0,0,0,5,6,7,4,5,0,0,0,0,0,0,0
2019-20,33,Tamilnadu,3311,"THE NILGIRIS",331102,COONOOR,Urban,1,cat1,"PS (I-V)",1,"Department of Education",3,ST,0,0,1,1,1,2,0,0,0,0,0,0,0,0,0,1,1,1,1,0,0,0,0,0,0,0
2019-20,33,Tamilnadu,3311,"THE NILGIRIS",331103,KOTAGIRI,Urban,1,cat1,"PS (I-V)",1,"Department of Education",3,ST,0,0,0,0,0,0,0,0,0,0,0,0,0,0,0,0,0,1,0,0,0,0,0,0,0,0
2019-20,33,Tamilnadu,3311,"THE NILGIRIS",331104,GUDALUR,Urban,1,cat1,"PS (I-V)",1,"Department of Education",3,ST,0,0,32,50,49,46,49,0,0,0,0,0,0,0,47,56,47,38,49,0,0,0,0,0,0,0
2019-20,33,Tamilnadu,3311,"THE NILGIRIS",331101,UDHAGAMANDALAM,Rural,1,cat1,"PS (I-V)",2,"Tribal Welfare Department",3,ST,0,0,4,2,1,0,0,0,0,0,0,0,0,0,1,0,2,1,1,0,0,0,0,0,0,0
2019-20,33,Tamilnadu,3311,"THE NILGIRIS",331102,COONOOR,Rural,1,cat1,"PS (I-V)",2,"Tribal Welfare Department",3,ST,0,0,0,4,1,1,4,0,0,0,0,0,0,0,2,0,3,0,2,0,0,0,0,0,0,0
2019-20,33,Tamilnadu,3311,"THE NILGIRIS",331103,KOTAGIRI,Rural,1,cat1,"PS (I-V)",2,"Tribal Welfare Department",3,ST,0,0,12,10,15,13,18,0,0,0,0,0,0,0,15,20,20,25,27,0,0,0,0,0,0,0
2019-20,33,Tamilnadu,3311,"THE NILGIRIS",331104,GUDALUR,Rural,1,cat1,"PS (I-V)",2,"Tribal Welfare Department",3,ST,0,0,22,24,21,30,24,0,0,0,0,0,0,0,20,18,20,21,23,0,0,0,0,0,0,0
2019-20,33,Tamilnadu,3311,"THE NILGIRIS",331101,UDHAGAMANDALAM,Urban,1,cat1,"PS (I-V)",2,"Tribal Welfare Department",3,ST,0,0,0,0,0,0,0,0,0,0,0,0,0,0,0,0,0,0,0,0,0,0,0,0,0,0
2019-20,33,Tamilnadu,3311,"THE NILGIRIS",331103,KOTAGIRI,Urban,1,cat1,"PS (I-V)",2,"Tribal Welfare Department",3,ST,0,0,3,3,4,6,2,0,0,0,0,0,0,0,8,3,4,4,7,0,0,0,0,0,0,0
2019-20,33,Tamilnadu,3311,"THE NILGIRIS",331104,GUDALUR,Urban,1,cat1,"PS (I-V)",2,"Tribal Welfare Department",3,ST,0,0,2,3,2,2,3,0,0,0,0,0,0,0,0,2,1,2,3,0,0,0,0,0,0,0
2019-20,33,Tamilnadu,3311,"THE NILGIRIS",331101,UDHAGAMANDALAM,Rural,1,cat1,"PS (I-V)",3,"Local body",3,ST,0,0,0,0,0,0,0,0,0,0,0,0,0,0,0,0,0,0,0,0,0,0,0,0,0,0
2019-20,33,Tamilnadu,3311,"THE NILGIRIS",331101,UDHAGAMANDALAM,Urban,1,cat1,"PS (I-V)",3,"Local body",3,ST,0,0,0,1,1,0,0,0,0,0,0,0,0,0,0,0,1,2,0,0,0,0,0,0,0,0
2019-20,33,Tamilnadu,3311,"THE NILGIRIS",331102,COONOOR,Urban,1,cat1,"PS (I-V)",3,"Local body",3,ST,0,0,0,0,0,0,0,0,0,0,0,0,0,0,0,0,0,0,0,0,0,0,0,0,0,0
2019-20,33,Tamilnadu,3311,"THE NILGIRIS",331101,UDHAGAMANDALAM,Rural,1,cat1,"PS (I-V)",4,"Government Aided",3,ST,0,0,12,5,3,5,4,0,0,0,0,0,0,0,4,2,5,2,4,0,0,0,0,0,0,0
2019-20,33,Tamilnadu,3311,"THE NILGIRIS",331102,COONOOR,Rural,1,cat1,"PS (I-V)",4,"Government Aided",3,ST,0,0,1,0,1,1,0,0,0,0,0,0,0,0,3,1,0,4,0,0,0,0,0,0,0,0
2019-20,33,Tamilnadu,3311,"THE NILGIRIS",331103,KOTAGIRI,Rural,1,cat1,"PS (I-V)",4,"Government Aided",3,ST,0,0,10,6,9,7,7,0,0,0,0,0,0,0,3,7,4,3,8,0,0,0,0,0,0,0
2019-20,33,Tamilnadu,3311,"THE NILGIRIS",331104,GUDALUR,Rural,1,cat1,"PS (I-V)",4,"Government Aided",3,ST,0,0,0,0,0,0,0,0,0,0,0,0,0,0,0,0,0,0,0,0,0,0,0,0,0,0
2019-20,33,Tamilnadu,3311,"THE NILGIRIS",331101,UDHAGAMANDALAM,Urban,1,cat1,"PS (I-V)",4,"Government Aided",3,ST,0,0,1,1,2,1,1,0,0,0,0,0,0,0,0,1,2,1,0,0,0,0,0,0,0,0
2019-20,33,Tamilnadu,3311,"THE NILGIRIS",331102,COONOOR,Urban,1,cat1,"PS (I-V)",4,"Government Aided",3,ST,0,0,1,2,3,4,6,0,0,0,0,0,0,0,4,7,3,4,4,0,0,0,0,0,0,0
2019-20,33,Tamilnadu,3311,"THE NILGIRIS",331103,KOTAGIRI,Urban,1,cat1,"PS (I-V)",4,"Government Aided",3,ST,0,0,0,0,0,1,0,0,0,0,0,0,0,0,0,0,0,0,0,0,0,0,0,0,0,0
2019-20,33,Tamilnadu,3311,"THE NILGIRIS",331104,GUDALUR,Urban,1,cat1,"PS (I-V)",4,"Government Aided",3,ST,0,0,3,10,11,8,1,0,0,0,0,0,0,0,4,4,2,8,3,0,0,0,0,0,0,0
2019-20,33,Tamilnadu,3311,"THE NILGIRIS",331101,UDHAGAMANDALAM,Rural,1,cat1,"PS (I-V)",5,"Private Unaided (Recognized)",3,ST,9,12,2,1,2,0,1,0,0,0,0,0,0,0,2,2,1,0,1,0,0,0,0,0,0,0
2019-20,33,Tamilnadu,3311,"THE NILGIRIS",331103,KOTAGIRI,Rural,1,cat1,"PS (I-V)",5,"Private Unaided (Recognized)",3,ST,1,1,0,0,0,1,0,0,0,0,0,0,0,0,0,0,0,1,0,0,0,0,0,0,0,0
2019-20,33,Tamilnadu,3311,"THE NILGIRIS",331104,GUDALUR,Rural,1,cat1,"PS (I-V)",5,"Private Unaided (Recognized)",3,ST,15,7,6,9,11,9,11,0,0,0,0,0,0,0,10,18,12,5,8,0,0,0,0,0,0,0
2019-20,33,Tamilnadu,3311,"THE NILGIRIS",331101,UDHAGAMANDALAM,Urban,1,cat1,"PS (I-V)",5,"Private Unaided (Recognized)",3,ST,9,11,4,6,3,2,4,0,0,0,0,0,0,0,2,7,3,4,5,0,0,0,0,0,0,0
2019-20,33,Tamilnadu,3311,"THE NILGIRIS",331102,COONOOR,Urban,1,cat1,"PS (I-V)",5,"Private Unaided (Recognized)",3,ST,4,5,6,3,1,5,1,0,0,0,0,0,0,0,2,3,0,1,3,0,0,0,0,0,0,0
2019-20,33,Tamilnadu,3311,"THE NILGIRIS",331103,KOTAGIRI,Urban,1,cat1,"PS (I-V)",5,"Private Unaided (Recognized)",3,ST,23,15,4,2,2,3,3,0,0,0,0,0,0,0,9,8,3,8,3,0,0,0,0,0,0,0
2019-20,33,Tamilnadu,3311,"THE NILGIRIS",331104,GUDALUR,Urban,1,cat1,"PS (I-V)",5,"Private Unaided (Recognized)",3,ST,16,20,3,6,9,3,5,0,0,0,0,0,0,0,7,10,3,9,4,0,0,0,0,0,0,0
2019-20,33,Tamilnadu,3311,"THE NILGIRIS",331101,UDHAGAMANDALAM,Urban,1,cat1,"PS (I-V)",8,Unrecognized,3,ST,0,0,1,0,1,0,0,0,0,0,0,0,0,0,0,0,0,0,0,0,0,0,0,0,0,0
2019-20,33,Tamilnadu,3311,"THE NILGIRIS",331104,GUDALUR,Urban,6,cat6,"SS (I-X)",2,"Tribal Welfare Department",3,ST,0,0,9,6,7,5,13,14,8,7,0,0,0,0,5,4,4,4,8,6,8,5,0,0,0,0
2019-20,33,Tamilnadu,3311,"THE NILGIRIS",331101,UDHAGAMANDALAM,Rural,6,cat6,"SS (I-X)",5,"Private Unaided (Recognized)",3,ST,3,3,2,1,3,2,0,0,0,1,2,0,0,0,2,1,5,0,1,3,2,0,3,2,0,0
2019-20,33,Tamilnadu,3311,"THE NILGIRIS",331102,COONOOR,Rural,6,cat6,"SS (I-X)",5,"Private Unaided (Recognized)",3,ST,1,1,0,0,0,0,0,0,1,0,0,1,0,0,0,1,0,0,0,0,0,1,0,0,0,0
2019-20,33,Tamilnadu,3311,"THE NILGIRIS",331103,KOTAGIRI,Rural,6,cat6,"SS (I-X)",5,"Private Unaided (Recognized)",3,ST,3,5,1,1,1,3,0,2,2,1,1,3,0,0,0,0,3,0,5,0,0,1,2,2,0,0
2019-20,33,Tamilnadu,3311,"THE NILGIRIS",331104,GUDALUR,Rural,6,cat6,"SS (I-X)",5,"Private Unaided (Recognized)",3,ST,14,12,13,4,11,5,6,11,3,1,2,1,0,0,7,2,12,3,3,2,1,1,1,2,0,0
2019-20,33,Tamilnadu,3311,"THE NILGIRIS",331101,UDHAGAMANDALAM,Urban,6,cat6,"SS (I-X)",5,"Private Unaided (Recognized)",3,ST,6,4,3,1,0,1,1,3,0,2,2,2,0,0,2,3,3,1,2,0,2,2,0,2,0,0
2019-20,33,Tamilnadu,3311,"THE NILGIRIS",331102,COONOOR,Urban,6,cat6,"SS (I-X)",5,"Private Unaided (Recognized)",3,ST,7,4,1,4,4,3,4,1,4,1,3,5,0,0,1,3,0,1,1,3,2,1,1,0,0,0
2019-20,33,Tamilnadu,3311,"THE NILGIRIS",331103,KOTAGIRI,Urban,6,cat6,"SS (I-X)",5,"Private Unaided (Recognized)",3,ST,3,0,0,1,2,0,0,0,0,2,4,0,0,0,1,0,0,1,0,1,0,0,4,0,0,0
2019-20,33,Tamilnadu,3311,"THE NILGIRIS",331104,GUDALUR,Urban,6,cat6,"SS (I-X)",5,"Private Unaided (Recognized)",3,ST,1,3,0,1,1,0,2,8,5,5,3,4,0,0,1,4,3,3,1,2,2,4,4,7,0,0
2019-20,33,Tamilnadu,3311,"THE NILGIRIS",331101,UDHAGAMANDALAM,Urban,6,cat6,"SS (I-X)",90,"Social welfare Department",3,ST,0,0,0,1,0,0,0,0,0,0,1,0,0,0,0,0,0,0,0,0,0,0,0,0,0,0
2019-20,33,Tamilnadu,3311,"THE NILGIRIS",331101,UDHAGAMANDALAM,Rural,7,cat7,"SS (VI-X)",1,"Department of Education",3,ST,0,0,0,0,0,0,0,3,3,4,7,7,0,0,0,0,0,0,0,7,6,2,2,5,0,0
2019-20,33,Tamilnadu,3311,"THE NILGIRIS",331102,COONOOR,Rural,7,cat7,"SS (VI-X)",1,"Department of Education",3,ST,0,0,0,0,0,0,0,3,2,6,4,7,0,0,0,0,0,0,0,2,3,1,2,5,0,0
2019-20,33,Tamilnadu,3311,"THE NILGIRIS",331103,KOTAGIRI,Rural,7,cat7,"SS (VI-X)",1,"Department of Education",3,ST,0,0,0,0,0,0,0,11,13,7,10,13,0,0,0,0,0,0,0,12,5,12,12,7,0,0
2019-20,33,Tamilnadu,3311,"THE NILGIRIS",331104,GUDALUR,Rural,7,cat7,"SS (VI-X)",1,"Department of Education",3,ST,0,0,0,0,0,0,0,18,15,9,47,18,0,0,0,0,0,0,0,15,11,24,42,32,0,0
2019-20,33,Tamilnadu,3311,"THE NILGIRIS",331101,UDHAGAMANDALAM,Urban,7,cat7,"SS (VI-X)",1,"Department of Education",3,ST,0,0,0,0,0,0,0,0,2,0,0,2,0,0,0,0,0,0,0,2,1,2,4,1,0,0
2019-20,33,Tamilnadu,3311,"THE NILGIRIS",331102,COONOOR,Urban,7,cat7,"SS (VI-X)",1,"Department of Education",3,ST,0,0,0,0,0,0,0,1,0,0,0,0,0,0,0,0,0,0,0,0,0,1,0,0,0,0
2019-20,33,Tamilnadu,3311,"THE NILGIRIS",331103,KOTAGIRI,Urban,7,cat7,"SS (VI-X)",1,"Department of Education",3,ST,0,0,0,0,0,0,0,0,0,0,0,0,0,0,0,0,0,0,0,0,0,1,0,0,0,0
2019-20,33,Tamilnadu,3311,"THE NILGIRIS",331104,GUDALUR,Urban,7,cat7,"SS (VI-X)",1,"Department of Education",3,ST,0,0,0,0,0,0,0,18,33,22,12,5,0,0,0,0,0,0,0,10,17,18,20,4,0,0
2019-20,33,Tamilnadu,3311,"THE NILGIRIS",331103,KOTAGIRI,Rural,7,cat7,"SS (VI-X)",2,"Tribal Welfare Department",3,ST,0,0,0,0,0,0,0,15,9,11,7,8,0,0,0,0,0,0,0,14,9,11,9,7,0,0
2019-20,33,Tamilnadu,3311,"THE NILGIRIS",331104,GUDALUR,Rural,7,cat7,"SS (VI-X)",2,"Tribal Welfare Department",3,ST,0,0,0,0,0,0,0,3,7,12,28,10,0,0,0,0,0,0,0,8,17,6,12,16,0,0
2019-20,33,Tamilnadu,3311,"THE NILGIRIS",331101,UDHAGAMANDALAM,Urban,7,cat7,"SS (VI-X)",2,"Tribal Welfare Department",3,ST,0,0,0,0,0,0,0,0,0,0,0,0,0,0,0,0,0,0,0,0,0,0,0,0,0,0
2019-20,33,Tamilnadu,3311,"THE NILGIRIS",331104,GUDALUR,Urban,7,cat7,"SS (VI-X)",2,"Tribal Welfare Department",3,ST,0,0,0,0,0,0,0,5,5,3,2,0,0,0,0,0,0,0,0,10,4,4,0,0,0,0
2019-20,33,Tamilnadu,3311,"THE NILGIRIS",331101,UDHAGAMANDALAM,Urban,7,cat7,"SS (VI-X)",3,"Local body",3,ST,0,0,0,0,0,0,0,0,0,0,0,0,0,0,0,0,0,0,0,0,0,3,1,6,0,0
2019-20,33,Tamilnadu,3311,"THE NILGIRIS",331101,UDHAGAMANDALAM,Rural,7,cat7,"SS (VI-X)",4,"Government Aided",3,ST,0,0,0,0,0,0,0,3,2,0,1,1,0,0,0,0,0,0,0,3,0,1,0,0,0,0
2019-20,33,Tamilnadu,3311,"THE NILGIRIS",331101,UDHAGAMANDALAM,Urban,7,cat7,"SS (VI-X)",4,"Government Aided",3,ST,0,0,0,0,0,0,0,0,0,0,0,0,0,0,0,0,0,0,0,0,0,0,0,0,0,0
2019-20,33,Tamilnadu,3311,"THE NILGIRIS",331102,COONOOR,Urban,7,cat7,"SS (VI-X)",4,"Government Aided",3,ST,0,0,0,0,0,0,0,6,1,1,3,2,0,0,0,0,0,0,0,4,6,1,1,5,0,0
2019-20,33,Tamilnadu,3311,"THE NILGIRIS",331103,KOTAGIRI,Urban,7,cat7,"SS (VI-X)",4,"Government Aided",3,ST,0,0,0,0,0,0,0,0,0,0,1,0,0,0,0,0,0,0,0,0,0,0,0,0,0,0
2019-20,33,Tamilnadu,3311,"THE NILGIRIS",331104,GUDALUR,Urban,7,cat7,"SS (VI-X)",4,"Government Aided",3,ST,0,0,0,0,0,0,0,2,4,2,2,1,0,0,0,0,0,0,0,4,5,3,6,9,0,0
2019-20,33,Tamilnadu,3311,"THE NILGIRIS",331104,GUDALUR,Rural,7,cat7,"SS (VI-X)",5,"Private Unaided (Recognized)",3,ST,0,0,0,0,0,0,0,0,0,0,0,0,0,0,0,0,0,0,0,0,0,0,0,0,0,0
2019-20,33,Tamilnadu,3311,"THE NILGIRIS",331102,COONOOR,Urban,7,cat7,"SS (VI-X)",5,"Private Unaided (Recognized)",3,ST,0,0,0,0,0,0,0,0,0,1,1,0,0,0,0,0,0,0,0,0,0,0,0,0,0,0
2019-20,33,Tamilnadu,3311,"THE NILGIRIS",331101,UDHAGAMANDALAM,Rural,2,cat2,"UPS (I-VIII)",1,"Department of Education",3,ST,3,6,1,5,5,4,3,1,1,4,0,0,0,0,3,4,5,9,6,4,6,0,0,0,0,0
2019-20,33,Tamilnadu,3311,"THE NILGIRIS",331102,COONOOR,Rural,2,cat2,"UPS (I-VIII)",1,"Department of Education",3,ST,0,0,0,0,1,0,0,1,0,0,0,0,0,0,0,0,0,1,0,3,0,0,0,0,0,0
2019-20,33,Tamilnadu,3311,"THE NILGIRIS",331103,KOTAGIRI,Rural,2,cat2,"UPS (I-VIII)",1,"Department of Education",3,ST,10,3,5,0,5,6,4,10,0,5,0,0,0,0,4,4,2,4,6,2,4,5,0,0,0,0
2019-20,33,Tamilnadu,3311,"THE NILGIRIS",331104,GUDALUR,Rural,2,cat2,"UPS (I-VIII)",1,"Department of Education",3,ST,5,5,25,14,12,22,13,20,18,18,0,0,0,0,18,18,18,19,22,34,22,20,0,0,0,0
2019-20,33,Tamilnadu,3311,"THE NILGIRIS",331101,UDHAGAMANDALAM,Urban,2,cat2,"UPS (I-VIII)",1,"Department of Education",3,ST,1,3,0,1,3,2,0,1,2,1,0,0,0,0,0,1,2,0,2,1,0,0,0,0,0,0
2019-20,33,Tamilnadu,3311,"THE NILGIRIS",331102,COONOOR,Urban,2,cat2,"UPS (I-VIII)",1,"Department of Education",3,ST,0,0,0,0,0,0,1,0,0,2,0,0,0,0,0,1,0,1,0,0,0,1,0,0,0,0
2019-20,33,Tamilnadu,3311,"THE NILGIRIS",331103,KOTAGIRI,Urban,2,cat2,"UPS (I-VIII)",1,"Department of Education",3,ST,0,0,1,0,0,0,0,0,0,0,0,0,0,0,0,0,0,1,1,0,0,0,0,0,0,0
2019-20,33,Tamilnadu,3311,"THE NILGIRIS",331104,GUDALUR,Urban,2,cat2,"UPS (I-VIII)",1,"Department of Education",3,ST,0,0,11,11,7,8,11,17,15,5,0,0,0,0,4,17,8,13,5,17,11,14,0,0,0,0
2019-20,33,Tamilnadu,3311,"THE NILGIRIS",331101,UDHAGAMANDALAM,Rural,2,cat2,"UPS (I-VIII)",2,"Tribal Welfare Department",3,ST,0,0,0,0,0,0,0,0,0,0,0,0,0,0,0,0,0,0,0,0,0,0,0,0,0,0
2019-20,33,Tamilnadu,3311,"THE NILGIRIS",331103,KOTAGIRI,Rural,2,cat2,"UPS (I-VIII)",2,"Tribal Welfare Department",3,ST,0,0,0,4,7,6,5,13,7,10,0,0,0,0,6,8,4,4,3,16,20,6,0,0,0,0
2019-20,33,Tamilnadu,3311,"THE NILGIRIS",331104,GUDALUR,Rural,2,cat2,"UPS (I-VIII)",2,"Tribal Welfare Department",3,ST,5,9,7,11,9,12,21,32,31,31,0,0,0,0,8,10,9,16,24,28,34,28,0,0,0,0
2019-20,33,Tamilnadu,3311,"THE NILGIRIS",331104,GUDALUR,Urban,2,cat2,"UPS (I-VIII)",2,"Tribal Welfare Department",3,ST,1,2,7,10,3,8,5,19,10,10,0,0,0,0,7,9,8,7,6,12,10,10,0,0,0,0
2019-20,33,Tamilnadu,3311,"THE NILGIRIS",331101,UDHAGAMANDALAM,Rural,2,cat2,"UPS (I-VIII)",3,"Local body",3,ST,0,0,0,0,0,0,0,0,0,0,0,0,0,0,0,0,0,0,0,0,0,0,0,0,0,0
2019-20,33,Tamilnadu,3311,"THE NILGIRIS",331101,UDHAGAMANDALAM,Urban,2,cat2,"UPS (I-VIII)",3,"Local body",3,ST,0,0,0,0,0,0,0,0,0,0,0,0,0,0,0,0,0,0,0,0,0,0,0,0,0,0
2019-20,33,Tamilnadu,3311,"THE NILGIRIS",331102,COONOOR,Urban,2,cat2,"UPS (I-VIII)",3,"Local body",3,ST,0,0,0,0,0,0,0,1,0,0,0,0,0,0,0,0,0,0,0,0,0,0,0,0,0,0
2019-20,33,Tamilnadu,3311,"THE NILGIRIS",331101,UDHAGAMANDALAM,Rural,2,cat2,"UPS (I-VIII)",4,"Government Aided",3,ST,0,0,0,0,1,1,0,1,0,0,0,0,0,0,0,2,1,0,1,1,1,0,0,0,0,0
2019-20,33,Tamilnadu,3311,"THE NILGIRIS",331102,COONOOR,Rural,2,cat2,"UPS (I-VIII)",4,"Government Aided",3,ST,0,0,0,0,0,1,0,0,0,0,0,0,0,0,0,0,0,0,0,0,0,0,0,0,0,0
2019-20,33,Tamilnadu,3311,"THE NILGIRIS",331101,UDHAGAMANDALAM,Urban,2,cat2,"UPS (I-VIII)",4,"Government Aided",3,ST,0,0,0,2,0,1,0,0,0,1,0,0,0,0,0,0,0,0,1,1,0,0,0,0,0,0
2019-20,33,Tamilnadu,3311,"THE NILGIRIS",331102,COONOOR,Urban,2,cat2,"UPS (I-VIII)",4,"Government Aided",3,ST,0,0,0,0,0,1,0,0,0,1,0,0,0,0,0,0,0,0,0,0,0,0,0,0,0,0
2019-20,33,Tamilnadu,3311,"THE NILGIRIS",331103,KOTAGIRI,Urban,2,cat2,"UPS (I-VIII)",4,"Government Aided",3,ST,0,0,0,1,1,0,1,1,2,0,0,0,0,0,1,2,0,2,1,2,5,2,0,0,0,0
2019-20,33,Tamilnadu,3311,"THE NILGIRIS",331102,COONOOR,Rural,2,cat2,"UPS (I-VIII)",5,"Private Unaided (Recognized)",3,ST,0,0,0,0,0,0,0,0,0,0,0,0,0,0,0,0,0,0,0,0,0,0,0,0,0,0
2019-20,33,Tamilnadu,3311,"THE NILGIRIS",331103,KOTAGIRI,Rural,2,cat2,"UPS (I-VIII)",5,"Private Unaided (Recognized)",3,ST,0,0,0,0,0,0,0,0,0,0,0,0,0,0,0,0,0,0,0,0,0,0,0,0,0,0
2019-20,33,Tamilnadu,3311,"THE NILGIRIS",331104,GUDALUR,Rural,2,cat2,"UPS (I-VIII)",5,"Private Unaided (Recognized)",3,ST,0,0,0,0,0,0,0,0,2,0,0,0,0,0,0,0,0,0,0,0,0,0,0,0,0,0
2019-20,33,Tamilnadu,3311,"THE NILGIRIS",331101,UDHAGAMANDALAM,Urban,2,cat2,"UPS (I-VIII)",5,"Private Unaided (Recognized)",3,ST,1,1,1,1,0,1,3,0,0,0,0,0,0,0,0,0,0,0,0,0,0,0,0,0,0,0
2019-20,33,Tamilnadu,3311,"THE NILGIRIS",331104,GUDALUR,Urban,2,cat2,"UPS (I-VIII)",5,"Private Unaided (Recognized)",3,ST,0,0,0,0,0,0,0,0,0,0,0,0,0,0,0,0,0,0,0,0,0,0,0,0,0,0
2019-20,33,Tamilnadu,3311,"THE NILGIRIS",331104,GUDALUR,Rural,2,cat2,"UPS (I-VIII)",6,"Other Govt. managed schools",3,ST,0,0,0,3,2,3,9,14,8,13,0,0,0,0,0,1,2,4,5,10,9,15,0,0,0,0
2019-20,33,Tamilnadu,3311,"THE NILGIRIS",331104,GUDALUR,Urban,2,cat2,"UPS (I-VIII)",6,"Other Govt. managed schools",3,ST,0,0,0,7,4,5,4,11,7,12,0,0,0,0,0,2,1,5,5,12,10,9,0,0,0,0
2019-20,33,Tamilnadu,3311,"THE NILGIRIS",331103,KOTAGIRI,Urban,2,cat2,"UPS (I-VIII)",8,Unrecognized,3,ST,0,0,0,0,0,0,0,0,0,0,0,0,0,0,0,0,0,0,0,0,0,0,0,0,0,0
2019-20,33,Tamilnadu,3311,"THE NILGIRIS",331101,UDHAGAMANDALAM,Rural,3,cat3,"HSS (I-XII)",1,"Department of Education",4,OBC,13,12,4,2,5,4,5,15,9,14,17,9,13,7,2,3,1,6,7,9,13,12,11,6,22,11
2019-20,33,Tamilnadu,3311,"THE NILGIRIS",331101,UDHAGAMANDALAM,Urban,3,cat3,"HSS (I-XII)",4,"Government Aided",4,OBC,3,3,6,3,7,7,5,9,10,6,9,17,27,20,4,6,7,3,1,3,3,3,4,2,16,17
2019-20,33,Tamilnadu,3311,"THE NILGIRIS",331102,COONOOR,Urban,3,cat3,"HSS (I-XII)",4,"Government Aided",4,OBC,0,0,28,31,45,59,38,58,55,67,78,84,154,174,81,90,72,92,81,101,105,104,108,129,138,175
2019-20,33,Tamilnadu,3311,"THE NILGIRIS",331101,UDHAGAMANDALAM,Rural,3,cat3,"HSS (I-XII)",5,"Private Unaided (Recognized)",4,OBC,94,108,51,49,50,64,66,63,61,72,75,85,121,87,55,56,57,64,62,54,61,64,83,71,101,98
2019-20,33,Tamilnadu,3311,"THE NILGIRIS",331102,COONOOR,Rural,3,cat3,"HSS (I-XII)",5,"Private Unaided (Recognized)",4,OBC,0,2,6,4,9,23,21,35,29,31,34,37,22,33,6,3,6,5,9,14,17,19,9,10,7,11
2019-20,33,Tamilnadu,3311,"THE NILGIRIS",331103,KOTAGIRI,Rural,3,cat3,"HSS (I-XII)",5,"Private Unaided (Recognized)",4,OBC,10,23,6,14,12,21,8,22,26,21,26,25,64,63,18,9,13,10,20,12,13,17,16,23,69,42
2019-20,33,Tamilnadu,3311,"THE NILGIRIS",331104,GUDALUR,Rural,3,cat3,"HSS (I-XII)",5,"Private Unaided (Recognized)",4,OBC,180,172,91,84,97,88,87,99,85,92,91,71,97,85,82,89,94,73,75,69,62,66,71,74,74,90
2019-20,33,Tamilnadu,3311,"THE NILGIRIS",331101,UDHAGAMANDALAM,Urban,3,cat3,"HSS (I-XII)",5,"Private Unaided (Recognized)",4,OBC,83,65,109,112,151,166,137,164,177,152,156,143,106,120,99,135,170,200,174,181,189,177,173,154,140,119
2019-20,33,Tamilnadu,3311,"THE NILGIRIS",331102,COONOOR,Urban,3,cat3,"HSS (I-XII)",5,"Private Unaided (Recognized)",4,OBC,163,102,127,100,107,73,131,122,107,93,85,82,69,47,43,75,63,64,56,81,63,50,58,47,35,31
2019-20,33,Tamilnadu,3311,"THE NILGIRIS",331103,KOTAGIRI,Urban,3,cat3,"HSS (I-XII)",5,"Private Unaided (Recognized)",4,OBC,46,41,43,54,68,85,102,142,138,130,145,131,126,135,34,29,60,71,53,60,78,60,77,65,54,69
2019-20,33,Tamilnadu,3311,"THE NILGIRIS",331104,GUDALUR,Urban,3,cat3,"HSS (I-XII)",5,"Private Unaided (Recognized)",4,OBC,231,212,111,144,131,129,119,134,126,157,138,142,152,115,95,112,106,111,92,106,92,116,99,111,98,81
2019-20,33,Tamilnadu,3311,"THE NILGIRIS",331101,UDHAGAMANDALAM,Rural,3,cat3,"HSS (I-XII)",92,"Kendriya Vidyalaya / Central School",4,OBC,0,0,0,0,3,21,24,23,20,13,10,22,9,1,0,0,2,13,28,15,18,13,12,18,15,3
2019-20,33,Tamilnadu,3311,"THE NILGIRIS",331102,COONOOR,Urban,3,cat3,"HSS (I-XII)",92,"Kendriya Vidyalaya / Central School",4,OBC,0,0,20,11,28,20,32,28,30,10,15,13,17,5,9,10,15,27,24,32,27,17,10,7,23,7
2019-20,33,Tamilnadu,3311,"THE NILGIRIS",331101,UDHAGAMANDALAM,Rural,5,cat5,"HSS (VI-XII)",1,"Department of Education",4,OBC,0,0,0,0,0,0,0,28,44,45,46,52,65,88,0,0,0,0,0,33,37,43,42,40,53,61
2019-20,33,Tamilnadu,3311,"THE NILGIRIS",331102,COONOOR,Rural,5,cat5,"HSS (VI-XII)",1,"Department of Education",4,OBC,0,0,0,0,0,0,0,2,3,2,6,4,10,16,0,0,0,0,0,2,2,5,4,5,7,2
2019-20,33,Tamilnadu,3311,"THE NILGIRIS",331103,KOTAGIRI,Rural,5,cat5,"HSS (VI-XII)",1,"Department of Education",4,OBC,0,0,0,0,0,0,0,7,14,10,24,16,31,20,0,0,0,0,0,9,10,5,4,8,17,14
2019-20,33,Tamilnadu,3311,"THE NILGIRIS",331104,GUDALUR,Rural,5,cat5,"HSS (VI-XII)",1,"Department of Education",4,OBC,0,0,0,0,0,0,0,62,63,72,100,119,166,153,0,0,0,0,0,47,43,44,78,85,173,175
2019-20,33,Tamilnadu,3311,"THE NILGIRIS",331101,UDHAGAMANDALAM,Urban,5,cat5,"HSS (VI-XII)",1,"Department of Education",4,OBC,0,0,0,0,0,0,0,19,25,30,35,27,47,53,0,0,0,0,0,8,5,12,8,15,44,45
2019-20,33,Tamilnadu,3311,"THE NILGIRIS",331102,COONOOR,Urban,5,cat5,"HSS (VI-XII)",1,"Department of Education",4,OBC,0,0,0,0,0,0,0,5,8,6,4,10,7,5,0,0,0,0,0,8,4,3,3,2,8,3
2019-20,33,Tamilnadu,3311,"THE NILGIRIS",331103,KOTAGIRI,Urban,5,cat5,"HSS (VI-XII)",1,"Department of Education",4,OBC,0,0,0,0,0,0,0,0,1,3,10,15,24,24,0,0,0,0,0,0,0,0,3,0,1,1
2019-20,33,Tamilnadu,3311,"THE NILGIRIS",331104,GUDALUR,Urban,5,cat5,"HSS (VI-XII)",1,"Department of Education",4,OBC,0,0,0,0,0,0,0,29,40,59,103,86,189,173,0,0,0,0,0,22,18,32,50,67,190,207
2019-20,33,Tamilnadu,3311,"THE NILGIRIS",331101,UDHAGAMANDALAM,Rural,5,cat5,"HSS (VI-XII)",2,"Tribal Welfare Department",4,OBC,0,0,0,0,0,0,0,0,0,1,1,0,0,0,0,0,0,0,0,0,0,0,0,0,0,0
2019-20,33,Tamilnadu,3311,"THE NILGIRIS",331103,KOTAGIRI,Rural,5,cat5,"HSS (VI-XII)",2,"Tribal Welfare Department",4,OBC,0,0,0,0,0,0,0,1,1,1,1,2,2,2,0,0,0,0,0,0,1,0,2,1,2,3
2019-20,33,Tamilnadu,3311,"THE NILGIRIS",331101,UDHAGAMANDALAM,Rural,5,cat5,"HSS (VI-XII)",4,"Government Aided",4,OBC,0,0,0,0,0,0,0,11,11,11,11,10,22,28,0,0,0,0,0,7,8,10,20,16,17,32
2019-20,33,Tamilnadu,3311,"THE NILGIRIS",331104,GUDALUR,Rural,5,cat5,"HSS (VI-XII)",4,"Government Aided",4,OBC,0,0,0,0,0,0,0,7,4,3,15,4,12,8,0,0,0,0,0,3,6,2,8,11,12,1
2019-20,33,Tamilnadu,3311,"THE NILGIRIS",331101,UDHAGAMANDALAM,Urban,5,cat5,"HSS (VI-XII)",4,"Government Aided",4,OBC,0,0,0,0,0,0,0,84,118,108,108,123,159,160,0,0,0,0,0,176,175,209,250,236,286,325
2019-20,33,Tamilnadu,3311,"THE NILGIRIS",331102,COONOOR,Urban,5,cat5,"HSS (VI-XII)",4,"Government Aided",4,OBC,0,0,0,0,0,0,0,52,57,70,85,93,108,108,0,0,0,0,0,77,99,99,123,117,202,197
2019-20,33,Tamilnadu,3311,"THE NILGIRIS",331103,KOTAGIRI,Urban,5,cat5,"HSS (VI-XII)",4,"Government Aided",4,OBC,0,0,0,0,0,0,0,9,4,11,21,21,21,31,0,0,0,0,0,38,36,36,82,62,78,86
2019-20,33,Tamilnadu,3311,"THE NILGIRIS",331104,GUDALUR,Urban,5,cat5,"HSS (VI-XII)",4,"Government Aided",4,OBC,0,0,0,0,0,0,0,14,34,30,28,24,48,54,0,0,0,0,0,63,71,99,108,127,144,119
2019-20,33,Tamilnadu,3311,"THE NILGIRIS",331104,GUDALUR,Rural,5,cat5,"HSS (VI-XII)",5,"Private Unaided (Recognized)",4,OBC,0,0,0,0,0,0,0,7,12,13,18,16,15,11,0,0,0,0,0,8,3,10,17,17,3,12
2019-20,33,Tamilnadu,3311,"THE NILGIRIS",331104,GUDALUR,Urban,5,cat5,"HSS (VI-XII)",5,"Private Unaided (Recognized)",4,OBC,0,0,0,0,0,0,0,13,21,19,24,27,33,18,0,0,0,0,0,9,26,27,25,44,50,57
2019-20,33,Tamilnadu,3311,"THE NILGIRIS",331102,COONOOR,Rural,5,cat5,"HSS (VI-XII)",101,"Other Central Govt. Schools",4,OBC,0,0,0,0,0,0,0,17,24,25,31,24,37,27,0,0,0,0,0,12,7,22,8,12,29,30
2019-20,33,Tamilnadu,3311,"THE NILGIRIS",331101,UDHAGAMANDALAM,Rural,1,cat1,"PS (I-V)",1,"Department of Education",4,OBC,2,0,58,66,59,66,71,0,0,0,0,0,0,0,39,50,80,85,81,0,0,0,0,0,0,0
2019-20,33,Tamilnadu,3311,"THE NILGIRIS",331102,COONOOR,Rural,1,cat1,"PS (I-V)",1,"Department of Education",4,OBC,0,0,3,5,11,9,10,0,0,0,0,0,0,0,7,6,7,3,4,0,0,0,0,0,0,0
2019-20,33,Tamilnadu,3311,"THE NILGIRIS",331103,KOTAGIRI,Rural,1,cat1,"PS (I-V)",1,"Department of Education",4,OBC,20,34,35,35,35,33,43,0,0,0,0,0,0,0,25,26,27,24,37,0,0,0,0,0,0,0
2019-20,33,Tamilnadu,3311,"THE NILGIRIS",331104,GUDALUR,Rural,1,cat1,"PS (I-V)",1,"Department of Education",4,OBC,13,13,42,76,66,79,86,0,0,0,0,0,0,0,65,74,69,87,83,0,0,0,0,0,0,0
2019-20,33,Tamilnadu,3311,"THE NILGIRIS",331101,UDHAGAMANDALAM,Urban,1,cat1,"PS (I-V)",1,"Department of Education",4,OBC,0,0,4,8,7,15,7,0,0,0,0,0,0,0,3,6,7,11,10,0,0,0,0,0,0,0
2019-20,33,Tamilnadu,3311,"THE NILGIRIS",331102,COONOOR,Urban,1,cat1,"PS (I-V)",1,"Department of Education",4,OBC,0,0,9,8,15,8,9,0,0,0,0,0,0,0,6,1,10,3,12,0,0,0,0,0,0,0
2019-20,33,Tamilnadu,3311,"THE NILGIRIS",331103,KOTAGIRI,Urban,1,cat1,"PS (I-V)",1,"Department of Education",4,OBC,2,3,1,4,0,6,4,0,0,0,0,0,0,0,1,4,3,5,3,0,0,0,0,0,0,0
2019-20,33,Tamilnadu,3311,"THE NILGIRIS",331104,GUDALUR,Urban,1,cat1,"PS (I-V)",1,"Department of Education",4,OBC,1,4,52,56,68,72,76,0,0,0,0,0,0,0,54,72,78,66,85,0,0,0,0,0,0,0
2019-20,33,Tamilnadu,3311,"THE NILGIRIS",331101,UDHAGAMANDALAM,Rural,1,cat1,"PS (I-V)",2,"Tribal Welfare Department",4,OBC,0,0,0,0,0,0,0,0,0,0,0,0,0,0,0,0,0,0,0,0,0,0,0,0,0,0
2019-20,33,Tamilnadu,3311,"THE NILGIRIS",331102,COONOOR,Rural,1,cat1,"PS (I-V)",2,"Tribal Welfare Department",4,OBC,0,0,0,0,0,0,0,0,0,0,0,0,0,0,0,0,0,0,0,0,0,0,0,0,0,0
2019-20,33,Tamilnadu,3311,"THE NILGIRIS",331103,KOTAGIRI,Rural,1,cat1,"PS (I-V)",2,"Tribal Welfare Department",4,OBC,0,0,0,0,0,1,0,0,0,0,0,0,0,0,0,1,1,0,0,0,0,0,0,0,0,0
2019-20,33,Tamilnadu,3311,"THE NILGIRIS",331104,GUDALUR,Rural,1,cat1,"PS (I-V)",2,"Tribal Welfare Department",4,OBC,0,0,2,2,1,3,4,0,0,0,0,0,0,0,1,1,1,1,4,0,0,0,0,0,0,0
2019-20,33,Tamilnadu,3311,"THE NILGIRIS",331101,UDHAGAMANDALAM,Urban,1,cat1,"PS (I-V)",2,"Tribal Welfare Department",4,OBC,0,0,0,0,0,0,0,0,0,0,0,0,0,0,1,0,0,0,0,0,0,0,0,0,0,0
2019-20,33,Tamilnadu,3311,"THE NILGIRIS",331103,KOTAGIRI,Urban,1,cat1,"PS (I-V)",2,"Tribal Welfare Department",4,OBC,0,0,0,0,0,0,0,0,0,0,0,0,0,0,0,0,0,0,0,0,0,0,0,0,0,0
2019-20,33,Tamilnadu,3311,"THE NILGIRIS",331104,GUDALUR,Urban,1,cat1,"PS (I-V)",2,"Tribal Welfare Department",4,OBC,0,0,0,0,0,0,0,0,0,0,0,0,0,0,0,0,0,0,0,0,0,0,0,0,0,0
2019-20,33,Tamilnadu,3311,"THE NILGIRIS",331101,UDHAGAMANDALAM,Rural,1,cat1,"PS (I-V)",3,"Local body",4,OBC,0,0,10,12,13,11,10,0,0,0,0,0,0,0,9,5,7,11,8,0,0,0,0,0,0,0
2019-20,33,Tamilnadu,3311,"THE NILGIRIS",331101,UDHAGAMANDALAM,Urban,1,cat1,"PS (I-V)",3,"Local body",4,OBC,0,0,3,4,1,1,3,0,0,0,0,0,0,0,3,2,2,3,2,0,0,0,0,0,0,0
2019-20,33,Tamilnadu,3311,"THE NILGIRIS",331102,COONOOR,Urban,1,cat1,"PS (I-V)",3,"Local body",4,OBC,0,0,0,0,0,0,1,0,0,0,0,0,0,0,0,0,0,1,0,0,0,0,0,0,0,0
2019-20,33,Tamilnadu,3311,"THE NILGIRIS",331101,UDHAGAMANDALAM,Rural,1,cat1,"PS (I-V)",4,"Government Aided",4,OBC,0,0,8,9,2,6,4,0,0,0,0,0,0,0,8,5,7,6,7,0,0,0,0,0,0,0
2019-20,33,Tamilnadu,3311,"THE NILGIRIS",331102,COONOOR,Rural,1,cat1,"PS (I-V)",4,"Government Aided",4,OBC,0,0,0,0,0,0,1,0,0,0,0,0,0,0,0,1,1,0,1,0,0,0,0,0,0,0
2019-20,33,Tamilnadu,3311,"THE NILGIRIS",331103,KOTAGIRI,Rural,1,cat1,"PS (I-V)",4,"Government Aided",4,OBC,0,0,3,2,0,2,4,0,0,0,0,0,0,0,1,0,4,6,2,0,0,0,0,0,0,0
2019-20,33,Tamilnadu,3311,"THE NILGIRIS",331104,GUDALUR,Rural,1,cat1,"PS (I-V)",4,"Government Aided",4,OBC,0,0,0,0,0,1,0,0,0,0,0,0,0,0,1,0,0,0,0,0,0,0,0,0,0,0
2019-20,33,Tamilnadu,3311,"THE NILGIRIS",331101,UDHAGAMANDALAM,Urban,1,cat1,"PS (I-V)",4,"Government Aided",4,OBC,0,0,29,31,32,52,67,0,0,0,0,0,0,0,23,45,39,43,62,0,0,0,0,0,0,0
2019-20,33,Tamilnadu,3311,"THE NILGIRIS",331102,COONOOR,Urban,1,cat1,"PS (I-V)",4,"Government Aided",4,OBC,0,0,20,10,26,22,14,0,0,0,0,0,0,0,23,18,18,19,29,0,0,0,0,0,0,0
2019-20,33,Tamilnadu,3311,"THE NILGIRIS",331103,KOTAGIRI,Urban,1,cat1,"PS (I-V)",4,"Government Aided",4,OBC,0,0,1,2,5,8,6,0,0,0,0,0,0,0,1,1,1,1,1,0,0,0,0,0,0,0
2019-20,33,Tamilnadu,3311,"THE NILGIRIS",331104,GUDALUR,Urban,1,cat1,"PS (I-V)",4,"Government Aided",4,OBC,0,0,24,20,23,21,30,0,0,0,0,0,0,0,35,20,29,23,30,0,0,0,0,0,0,0
2019-20,33,Tamilnadu,3311,"THE NILGIRIS",331101,UDHAGAMANDALAM,Rural,1,cat1,"PS (I-V)",5,"Private Unaided (Recognized)",4,OBC,42,20,11,11,19,20,27,0,0,0,0,0,0,0,10,14,20,19,17,0,0,0,0,0,0,0
2019-20,33,Tamilnadu,3311,"THE NILGIRIS",331103,KOTAGIRI,Rural,1,cat1,"PS (I-V)",5,"Private Unaided (Recognized)",4,OBC,24,38,18,10,13,21,6,0,0,0,0,0,0,0,14,17,18,20,8,0,0,0,0,0,0,0
2019-20,33,Tamilnadu,3311,"THE NILGIRIS",331104,GUDALUR,Rural,1,cat1,"PS (I-V)",5,"Private Unaided (Recognized)",4,OBC,72,69,52,40,55,36,51,0,0,0,0,0,0,0,40,48,47,46,48,0,0,0,0,0,0,0
2019-20,33,Tamilnadu,3311,"THE NILGIRIS",331101,UDHAGAMANDALAM,Urban,1,cat1,"PS (I-V)",5,"Private Unaided (Recognized)",4,OBC,224,260,118,128,112,137,102,0,0,0,0,0,0,0,109,123,111,108,105,0,0,0,0,0,0,0
2019-20,33,Tamilnadu,3311,"THE NILGIRIS",331102,COONOOR,Urban,1,cat1,"PS (I-V)",5,"Private Unaided (Recognized)",4,OBC,214,162,76,65,80,50,43,0,0,0,0,0,0,0,55,53,72,67,45,0,0,0,0,0,0,0
2019-20,33,Tamilnadu,3311,"THE NILGIRIS",331103,KOTAGIRI,Urban,1,cat1,"PS (I-V)",5,"Private Unaided (Recognized)",4,OBC,64,80,27,31,23,26,39,0,0,0,0,0,0,0,31,28,34,26,29,0,0,0,0,0,0,0
2019-20,33,Tamilnadu,3311,"THE NILGIRIS",331104,GUDALUR,Urban,1,cat1,"PS (I-V)",5,"Private Unaided (Recognized)",4,OBC,92,96,46,45,29,34,35,0,0,0,0,0,0,0,50,63,42,58,53,0,0,0,0,0,0,0
2019-20,33,Tamilnadu,3311,"THE NILGIRIS",331101,UDHAGAMANDALAM,Urban,1,cat1,"PS (I-V)",8,Unrecognized,4,OBC,1,1,0,1,0,0,0,0,0,0,0,0,0,0,0,0,0,1,0,0,0,0,0,0,0,0
2019-20,33,Tamilnadu,3311,"THE NILGIRIS",331104,GUDALUR,Urban,6,cat6,"SS (I-X)",2,"Tribal Welfare Department",4,OBC,0,0,0,0,0,1,0,0,0,0,0,0,0,0,0,1,0,0,0,0,0,0,0,0,0,0
2019-20,33,Tamilnadu,3311,"THE NILGIRIS",331101,UDHAGAMANDALAM,Rural,6,cat6,"SS (I-X)",5,"Private Unaided (Recognized)",4,OBC,163,151,89,83,97,103,89,114,111,98,103,116,0,0,80,95,101,94,102,105,119,106,106,103,0,0
2019-20,33,Tamilnadu,3311,"THE NILGIRIS",331102,COONOOR,Rural,6,cat6,"SS (I-X)",5,"Private Unaided (Recognized)",4,OBC,50,40,27,26,22,23,25,23,15,17,17,6,0,0,24,24,14,23,22,12,12,11,11,6,0,0
2019-20,33,Tamilnadu,3311,"THE NILGIRIS",331103,KOTAGIRI,Rural,6,cat6,"SS (I-X)",5,"Private Unaided (Recognized)",4,OBC,54,61,35,44,28,49,58,47,51,49,55,43,0,0,33,42,39,31,38,38,36,42,39,43,0,0
2019-20,33,Tamilnadu,3311,"THE NILGIRIS",331104,GUDALUR,Rural,6,cat6,"SS (I-X)",5,"Private Unaided (Recognized)",4,OBC,100,104,55,60,45,43,38,31,38,26,32,17,0,0,37,37,44,36,40,40,34,25,31,21,0,0
2019-20,33,Tamilnadu,3311,"THE NILGIRIS",331101,UDHAGAMANDALAM,Urban,6,cat6,"SS (I-X)",5,"Private Unaided (Recognized)",4,OBC,179,156,98,85,92,94,106,96,73,70,67,64,0,0,74,94,70,72,76,75,65,68,55,56,0,0
2019-20,33,Tamilnadu,3311,"THE NILGIRIS",331102,COONOOR,Urban,6,cat6,"SS (I-X)",5,"Private Unaided (Recognized)",4,OBC,149,135,82,104,97,94,98,91,94,111,101,101,0,0,80,85,83,85,91,87,85,99,78,79,0,0
2019-20,33,Tamilnadu,3311,"THE NILGIRIS",331103,KOTAGIRI,Urban,6,cat6,"SS (I-X)",5,"Private Unaided (Recognized)",4,OBC,106,118,70,67,69,79,79,88,69,75,82,68,0,0,44,62,67,87,85,80,81,83,66,77,0,0
2019-20,33,Tamilnadu,3311,"THE NILGIRIS",331104,GUDALUR,Urban,6,cat6,"SS (I-X)",5,"Private Unaided (Recognized)",4,OBC,300,292,131,144,138,136,119,113,139,82,104,100,0,0,139,143,122,107,126,109,107,87,117,119,0,0
2019-20,33,Tamilnadu,3311,"THE NILGIRIS",331101,UDHAGAMANDALAM,Urban,6,cat6,"SS (I-X)",90,"Social welfare Department",4,OBC,0,0,0,0,1,0,0,2,0,1,1,2,0,0,0,0,0,0,0,0,0,0,0,1,0,0
2019-20,33,Tamilnadu,3311,"THE NILGIRIS",331101,UDHAGAMANDALAM,Rural,7,cat7,"SS (VI-X)",1,"Department of Education",4,OBC,0,0,0,0,0,0,0,27,42,30,39,37,0,0,0,0,0,0,0,33,37,25,30,23,0,0
2019-20,33,Tamilnadu,3311,"THE NILGIRIS",331102,COONOOR,Rural,7,cat7,"SS (VI-X)",1,"Department of Education",4,OBC,0,0,0,0,0,0,0,3,4,4,4,3,0,0,0,0,0,0,0,2,5,1,5,6,0,0
2019-20,33,Tamilnadu,3311,"THE NILGIRIS",331103,KOTAGIRI,Rural,7,cat7,"SS (VI-X)",1,"Department of Education",4,OBC,0,0,0,0,0,0,0,31,36,27,30,27,0,0,0,0,0,0,0,17,16,25,26,12,0,0
2019-20,33,Tamilnadu,3311,"THE NILGIRIS",331104,GUDALUR,Rural,7,cat7,"SS (VI-X)",1,"Department of Education",4,OBC,0,0,0,0,0,0,0,47,44,57,37,53,0,0,0,0,0,0,0,47,62,49,93,82,0,0
2019-20,33,Tamilnadu,3311,"THE NILGIRIS",331101,UDHAGAMANDALAM,Urban,7,cat7,"SS (VI-X)",1,"Department of Education",4,OBC,0,0,0,0,0,0,0,3,6,2,4,2,0,0,0,0,0,0,0,9,11,13,19,13,0,0
2019-20,33,Tamilnadu,3311,"THE NILGIRIS",331102,COONOOR,Urban,7,cat7,"SS (VI-X)",1,"Department of Education",4,OBC,0,0,0,0,0,0,0,6,3,2,1,1,0,0,0,0,0,0,0,2,4,4,5,3,0,0
2019-20,33,Tamilnadu,3311,"THE NILGIRIS",331103,KOTAGIRI,Urban,7,cat7,"SS (VI-X)",1,"Department of Education",4,OBC,0,0,0,0,0,0,0,1,4,3,5,3,0,0,0,0,0,0,0,4,1,3,6,3,0,0
2019-20,33,Tamilnadu,3311,"THE NILGIRIS",331104,GUDALUR,Urban,7,cat7,"SS (VI-X)",1,"Department of Education",4,OBC,0,0,0,0,0,0,0,55,66,57,85,55,0,0,0,0,0,0,0,59,71,53,71,62,0,0
2019-20,33,Tamilnadu,3311,"THE NILGIRIS",331103,KOTAGIRI,Rural,7,cat7,"SS (VI-X)",2,"Tribal Welfare Department",4,OBC,0,0,0,0,0,0,0,0,0,0,0,0,0,0,0,0,0,0,0,0,0,0,0,0,0,0
2019-20,33,Tamilnadu,3311,"THE NILGIRIS",331104,GUDALUR,Rural,7,cat7,"SS (VI-X)",2,"Tribal Welfare Department",4,OBC,0,0,0,0,0,0,0,0,0,0,2,2,0,0,0,0,0,0,0,0,0,0,0,0,0,0
2019-20,33,Tamilnadu,3311,"THE NILGIRIS",331101,UDHAGAMANDALAM,Urban,7,cat7,"SS (VI-X)",2,"Tribal Welfare Department",4,OBC,0,0,0,0,0,0,0,0,0,0,0,0,0,0,0,0,0,0,0,0,0,0,0,0,0,0
2019-20,33,Tamilnadu,3311,"THE NILGIRIS",331104,GUDALUR,Urban,7,cat7,"SS (VI-X)",2,"Tribal Welfare Department",4,OBC,0,0,0,0,0,0,0,9,4,9,8,0,0,0,0,0,0,0,0,4,5,0,8,0,0,0
2019-20,33,Tamilnadu,3311,"THE NILGIRIS",331101,UDHAGAMANDALAM,Urban,7,cat7,"SS (VI-X)",3,"Local body",4,OBC,0,0,0,0,0,0,0,0,0,0,0,2,0,0,0,0,0,0,0,0,1,2,1,7,0,0
2019-20,33,Tamilnadu,3311,"THE NILGIRIS",331101,UDHAGAMANDALAM,Rural,7,cat7,"SS (VI-X)",4,"Government Aided",4,OBC,0,0,0,0,0,0,0,5,5,2,8,9,0,0,0,0,0,0,0,6,6,7,6,8,0,0
2019-20,33,Tamilnadu,3311,"THE NILGIRIS",331101,UDHAGAMANDALAM,Urban,7,cat7,"SS (VI-X)",4,"Government Aided",4,OBC,0,0,0,0,0,0,0,10,18,14,18,5,0,0,0,0,0,0,0,9,7,9,8,9,0,0
2019-20,33,Tamilnadu,3311,"THE NILGIRIS",331102,COONOOR,Urban,7,cat7,"SS (VI-X)",4,"Government Aided",4,OBC,0,0,0,0,0,0,0,15,22,18,19,11,0,0,0,0,0,0,0,4,5,3,8,13,0,0
2019-20,33,Tamilnadu,3311,"THE NILGIRIS",331103,KOTAGIRI,Urban,7,cat7,"SS (VI-X)",4,"Government Aided",4,OBC,0,0,0,0,0,0,0,3,3,5,16,16,0,0,0,0,0,0,0,0,0,1,1,1,0,0
2019-20,33,Tamilnadu,3311,"THE NILGIRIS",331104,GUDALUR,Urban,7,cat7,"SS (VI-X)",4,"Government Aided",4,OBC,0,0,0,0,0,0,0,21,5,13,9,13,0,0,0,0,0,0,0,37,30,56,56,51,0,0
2019-20,33,Tamilnadu,3311,"THE NILGIRIS",331104,GUDALUR,Rural,7,cat7,"SS (VI-X)",5,"Private Unaided (Recognized)",4,OBC,0,0,0,0,0,0,0,9,16,1,5,3,0,0,0,0,0,0,0,10,7,15,7,15,0,0
2019-20,33,Tamilnadu,3311,"THE NILGIRIS",331102,COONOOR,Urban,7,cat7,"SS (VI-X)",5,"Private Unaided (Recognized)",4,OBC,0,0,0,0,0,0,0,0,5,5,6,6,0,0,0,0,0,0,0,0,0,1,2,6,0,0
2019-20,33,Tamilnadu,3311,"THE NILGIRIS",331101,UDHAGAMANDALAM,Rural,2,cat2,"UPS (I-VIII)",1,"Department of Education",4,OBC,6,6,14,20,22,18,15,21,16,9,0,0,0,0,24,21,27,27,19,19,16,19,0,0,0,0
2019-20,33,Tamilnadu,3311,"THE NILGIRIS",331102,COONOOR,Rural,2,cat2,"UPS (I-VIII)",1,"Department of Education",4,OBC,0,0,3,2,3,5,2,5,3,3,0,0,0,0,0,3,2,2,3,2,7,3,0,0,0,0
2019-20,33,Tamilnadu,3311,"THE NILGIRIS",331103,KOTAGIRI,Rural,2,cat2,"UPS (I-VIII)",1,"Department of Education",4,OBC,1,4,3,1,0,5,4,7,9,6,0,0,0,0,2,3,2,6,9,8,4,6,0,0,0,0
2019-20,33,Tamilnadu,3311,"THE NILGIRIS",331104,GUDALUR,Rural,2,cat2,"UPS (I-VIII)",1,"Department of Education",4,OBC,32,33,28,29,23,28,33,43,39,47,0,0,0,0,23,32,37,21,41,42,36,37,0,0,0,0
2019-20,33,Tamilnadu,3311,"THE NILGIRIS",331101,UDHAGAMANDALAM,Urban,2,cat2,"UPS (I-VIII)",1,"Department of Education",4,OBC,0,0,0,3,1,1,1,1,0,1,0,0,0,0,2,1,2,1,0,2,2,1,0,0,0,0
2019-20,33,Tamilnadu,3311,"THE NILGIRIS",331102,COONOOR,Urban,2,cat2,"UPS (I-VIII)",1,"Department of Education",4,OBC,0,0,4,6,3,4,2,3,0,5,0,0,0,0,2,3,7,4,3,1,0,1,0,0,0,0
2019-20,33,Tamilnadu,3311,"THE NILGIRIS",331103,KOTAGIRI,Urban,2,cat2,"UPS (I-VIII)",1,"Department of Education",4,OBC,0,1,1,0,3,0,2,1,1,2,0,0,0,0,0,0,0,3,1,3,0,1,0,0,0,0
2019-20,33,Tamilnadu,3311,"THE NILGIRIS",331104,GUDALUR,Urban,2,cat2,"UPS (I-VIII)",1,"Department of Education",4,OBC,18,32,25,40,43,57,36,77,48,50,0,0,0,0,38,48,46,37,41,45,46,35,0,0,0,0
2019-20,33,Tamilnadu,3311,"THE NILGIRIS",331101,UDHAGAMANDALAM,Rural,2,cat2,"UPS (I-VIII)",2,"Tribal Welfare Department",4,OBC,0,0,1,0,0,0,0,0,0,0,0,0,0,0,1,0,1,0,0,0,0,0,0,0,0,0
2019-20,33,Tamilnadu,3311,"THE NILGIRIS",331103,KOTAGIRI,Rural,2,cat2,"UPS (I-VIII)",2,"Tribal Welfare Department",4,OBC,0,0,0,0,0,0,0,0,0,0,0,0,0,0,0,0,0,0,0,0,0,0,0,0,0,0
2019-20,33,Tamilnadu,3311,"THE NILGIRIS",331104,GUDALUR,Rural,2,cat2,"UPS (I-VIII)",2,"Tribal Welfare Department",4,OBC,4,2,2,1,0,1,1,0,3,2,0,0,0,0,1,4,0,1,0,0,3,1,0,0,0,0
2019-20,33,Tamilnadu,3311,"THE NILGIRIS",331104,GUDALUR,Urban,2,cat2,"UPS (I-VIII)",2,"Tribal Welfare Department",4,OBC,0,0,3,1,4,2,2,3,6,4,0,0,0,0,2,1,0,3,0,4,6,7,0,0,0,0
